Quote	Video	URL	Year	Type
"[Stories] that are light on details that might even contradict themselves in order to appear deep. The result being something close to trying to hold onto a fish with epilepsy. You can’t even begin to grasp it."	The Witness	https://www.youtube.com/watch?v=KZokQov_aH0&t=2044s	2016	YouTube
"Ooooh this is gonna hurt. This is gonna hurt SO much. Ooooh this is the most I've ever cringed on stream. I am not okay right now. Oh my god. I'm so uncomfortable. I'm biting my forearm."	Beyond Two Souls	https://www.youtube.com/watch?v=KZokQov_aH0&t=2044s		
"A light-hearted 10-20 hour romp that consumes you one weekend and then spits you out leaving you questioning yourself about the way you use your free time."	Forager	https://www.youtube.com/watch?v=KZokQov_aH0&t=2044s		
"Okay I want to take my hand off the keyboard, but I'm afraid he's gonna do some last fucking little shitty attack and I'm gonna put my fist through the monitor."	Undertale, Genocide Run	https://www.youtube.com/watch?v=KZokQov_aH0&t=2044s		
"Is this fun? I mean seriously, is this an interesting concept, hide from the light? Because the game does it a lot. You move when the light isn't moving and stop where it casts a shadow. Does anyone actually enjoy this?"	Inside	https://www.youtube.com/watch?v=KZokQov_aH0&t=2044s		
"Yes, YES! YES! YES! (laughter) We did it, we did it! Oh shit is this a boss? Defeat th- no I'm not even supposed to be here! Quick, I need to make a stack."	Control	https://www.youtube.com/watch?v=KZokQov_aH0&t=2044s		
"Again, these are things you never HAVE to do, not even on the highest difficult mode. But there are tons of moments like these that you can learn by experimenting with all of your moves."	Furi	https://www.youtube.com/watch?v=KZokQov_aH0&t=2044s		
"Alright time to have the dessert! You know what? Let's sit in her chair, dominance. (laughter) (harder laughter) Alright, let's eat hers too!"	Twelve Minutes	https://www.youtube.com/watch?v=KZokQov_aH0&t=2044s		
"The key difference between this and other stories that I've criticized for doing this sort of thing is that it's clear that the writers do have an answer for almost everything and WANT you to figure it out."	Edith Finch	https://www.youtube.com/watch?v=KZokQov_aH0&t=2044s		
"Is that it? Is that really the answer? There's no fucking way that that's the answer, right? There's no goddamn way."	Danganronpa 1	https://www.youtube.com/watch?v=KZokQov_aH0&t=2044s		
"It's so slow, so tiring, something as simple and common as speaking to NPCs is a chore that I wanted to avoid more than anything."	No Man's Sky	https://www.youtube.com/watch?v=KZokQov_aH0&t=2044s		
"Guys I'm sorry but I don't think this was very good. I don't regret playing it but it wasn't very good. I didn't enjoy this as much as I thought it would."	Silent Hill 2	https://www.youtube.com/watch?v=KZokQov_aH0&t=2044s		
"This is one of the coolest openings I've played in a game in quite some time. It really grabbed my attention and I was ready to get lost in this twisted narrative."	Prey	https://www.youtube.com/watch?v=KZokQov_aH0&t=2044s		
"(maniacal laughter) I don't understand what just happened. She was never a captive, is that what it was? *Joe slams controller and walks away*"	Death Stranding	https://www.youtube.com/watch?v=KZokQov_aH0&t=2044s		
"Some people will love this game and lose themselves to it for weeks. Others will play it for 20 minutes, die, and then never play it again."	The Long Dark	https://www.youtube.com/watch?v=KZokQov_aH0&t=2044s		
"Alright so I really like the game, I like the ending, I don't really understand what the story is though."	Inscryption	https://www.youtube.com/watch?v=KZokQov_aH0&t=2044s		
"That story is a simple one told in a complex way. It's also a rare example of it being done well to facilitate gameplay and some strong narrative points, but it fails to provide satisfying closure."	Return of the Obra Dinn	https://www.youtube.com/watch?v=KZokQov_aH0&t=2044s		
"Ooooh I really like her. I'm sorry, I'm getting my creep on, usually I do it on the guys though let me have one c'mon. *Joe starts giggling* (Reads chat) "This chat is full of cousin fuckers, why would they care?"	Final Fantasy XVI	https://www.youtube.com/watch?v=KZokQov_aH0&t=2044s		
"Also I'm sorry if that was tedious to go through for anyone who's already played the game but I figure if you have you're used to tedium already and shouldn't be too bothered."	Super Mario Odyssey	https://www.youtube.com/watch?v=KZokQov_aH0&t=2044s		
"Remember when they introduced the underling of the main villain in a weird, kinda jokey way, like keep doing a bunch of fetch quests for me? And we didn't have a single scene where we interacted with the main villain?"	Gravity Rush	https://www.youtube.com/watch?v=KZokQov_aH0&t=2044s		
"This game is pretty good. Judging by reviews, the sequel is even better. So the first game deserves at least some time devoted to looking at its successes and failings before it's overshadowed by the latest entry."	Tomb Raider	https://www.youtube.com/watch?v=KZokQov_aH0&t=2044s		
“This is evil, why would you put this here? 18.5? I'M LAST? No, no, I refuse to be last.”	Neon White	https://www.youtube.com/watch?v=KZokQov_aH0&t=2044s		
“One of the worst lines in the entire game is here after you kill the koshchay. “You just cut up my koschay, the result of much labor…”	The Witcher	https://www.youtube.com/watch?v=KZokQov_aH0&t=2044s		
"I'm just picking up on some subtle hints but I thin- I like how it's not spelling it out to me so it's really good in that way."	Persona 5	https://www.youtube.com/watch?v=KZokQov_aH0&t=2044s		
""It looks awesome. It oozes with the same atmosphere the rest of the game has. How cool of a concept is it to fight against something that has killed SO MANY adventurers like you that he has a collection of their severed heads."	Darkest Dungeon	https://www.youtube.com/watch?v=KZokQov_aH0&t=2044s		
“Oh my god. OH SHIT! Oh sh-. (in impressed tone) Holy shit. Holy fucking shit. Holy fuck.”	God of War 2018	https://www.youtube.com/watch?v=KZokQov_aH0&t=2044s		
“I keep trying and trying, and then I begin to berate myself because this is obviously a tutorial puzzle.”	The Witness	https://www.youtube.com/watch?v=KZokQov_aH0&t=2044s		
“[PROTAGONIST NAME] can you open your fucking mouth and explain? ANYTHING. Oh my god, strap in, this is gonna be precious. *Laughs and claps*”	Catherine	https://www.youtube.com/watch?v=KZokQov_aH0&t=2044s		
"A boss that has no attacks, has no way of killing you, and is still one of the most intense encounters I've played in a game."	Cuphead	https://www.youtube.com/watch?v=KZokQov_aH0&t=2044s		
“Oh shit! *giggles* This isn’t cool! This isn’t cool at al-*laughs* Oh my god, shit. Is he dead? Oh no…. that was hardcore!”	Red Dead Redemption 2	https://www.youtube.com/watch?v=KZokQov_aH0&t=2044s		
“I mean his wife is dead, shouldn’t he be at least a little happy?”	Diablo 3	https://www.youtube.com/watch?v=KZokQov_aH0&t=2044s		
“Oh no fire! Quick, Swamps! Swamps! Swamps! Swamps with the fire extinguisher, “SCREE, SCREE”, yea Swamps!”	Faster Than Light	https://www.youtube.com/watch?v=KZokQov_aH0&t=2044s		
“If the rest of the story was told well, with some developed characters and a coherent plot, then this twist could be cool. […] But because of that underdevloped narrative, it sadly doesn’t make sense.”	Dragon's Dogma	https://www.youtube.com/watch?v=KZokQov_aH0&t=2044s		
“Oh no! Oh sh- oh no *laughs* Okay so you can shoot her, I’m learning a lot! *laughs*”	Resident Evil 4 Remake	https://www.youtube.com/watch?v=KZokQov_aH0&t=2044s		
 "I accidentally asked a teacher to blow me once... that was pretty bad. I think about that one quite often actually, like oh no, why'd I do that?"	Danganronpa 2	https://www.youtube.com/watch?v=KZokQov_aH0&t=2044s		
"This is more than meeting the game halfway. It's overlooking flaws in order to have what I consider to be a unique experience that no other game currently provides at this level."	Subnautica	https://www.youtube.com/watch?v=KZokQov_aH0&t=2044s		
"It's fine. It's fine. It's fine. It's fine. It's fine. We're good. Cool as a cucumber. Cool as a cucumber. We're fine. We're not angry. Cool as a cucumber. Cool as a cucumber."	Getting Over It	https://www.youtube.com/watch?v=KZokQov_aH0&t=2044s		
"And then there's the price which I had the most trouble rationalizing. The uncertain conclusion I've come to is that it's expensive so that people only get this game if they really know what they're in for."	Stephen's Sausage Roll	https://www.youtube.com/watch?v=KZokQov_aH0&t=2044s		
"Holy shit. He must be fucking like some cognitive gymnast to get past all those traps you put down. Woah. Holy shit. What a duel of the minds that I just witnessed between you two."	Persona 5	https://www.youtube.com/watch?v=KZokQov_aH0&t=2044s		
 "This is the first stage of the problem. I am notoriously bad at estimating how long videos will be. It's almost always double what I think, even if I account for that. [...] If you add all of that up it's 690 hours."	The Lion, The Witcher, & The Patreon	https://www.youtube.com/watch?v=KZokQov_aH0&t=2044s		
“It was mindblowing when the trailer for this came out. I watched that trailer like 50 times, I’m not even kidding. It was like, what the hell, how is this game even real? How does this mechanic even work?"	Portal 1	https://www.youtube.com/watch?v=KZokQov_aH0&t=2044s		
"It's still incredible to me that the same team made both of these fights, when it would have been better if [DLC BOSS} didn't exist. Period. It's like negative content."	Hollow Knight DLC	https://www.youtube.com/watch?v=KZokQov_aH0&t=2044s		
"I'm not exactly going through it at a really, really fast pace because I'm streaming it but we still haven't seen that mechanic from the trailer. That's crazy to me."	The Messenger	https://www.youtube.com/watch?v=KZokQov_aH0&t=2044s		
"It's for this reason I'm willing to give the side quests a pass. I enjoyed next to none of them, although some of the characters had funny lines. But it's okay because they were filler content for me."	Zelda: Breath of The Wild	https://www.youtube.com/watch?v=KZokQov_aH0&t=2044s		
"Seriously, this hip to tsundere ratio is just off the charts. Like, what the hell. What is this? Is she just permanently leaning forward? This predates Instagram does it not?"	999 Commenting on Lotus	https://www.youtube.com/watch?v=KZokQov_aH0&t=2044s		
"Now let's whip out our dicks, if that's what we're doing. The subtext here of mine's longer. This would slay on the Breaking Bad subreddit."	God of War: Ragnarok	https://www.youtube.com/watch?v=KZokQov_aH0&t=2044s		
"You're not gonna say it? Thank yo- *bursts into laughter* HOLY SHIT WHY'D YOU HAVE TO SAY IT LIKE THAT? OH MY GOD HOLY SHIT."	Hatsune Miku	https://www.youtube.com/watch?v=KZokQov_aH0&t=2044s		
"Does this mean that I want every horror game to have permadeath? Well, yes, in a way, but it's not that easy. Like most problems that encapsulate entire genres, this is complex."	Horror Games Aren't Scary	https://www.youtube.com/watch?v=KZokQov_aH0&t=2044s		
"$25 for a crayon set? You think I'm made of statues? $25? $25? *sighs* Isn't the mother-in-law being dead present enough?"	Papers, Please	https://www.youtube.com/watch?v=KZokQov_aH0&t=2044s		
"Movement feels slow and without an option to run or to change how far you can jump it feels like you're playing Super Mario World with a broken controller that's stuck in walk mode."	Act Raiser	https://www.youtube.com/watch?v=KZokQov_aH0&t=2044s		
"*reads complaining chatter comment* Hey, just tap outta the stream man. This game's not gonna be for everyone. I'm actually having a pretty good time."	Dujanah	https://www.youtube.com/watch?v=KZokQov_aH0&t=2044s		
"Unfortunately, video games do this so well that I can't think of a single example of this happening, ever. All discussions on games with ambiguous stories are always respectful and come to reasonable conclusions."	T-Rex Runner	https://www.youtube.com/watch?v=KZokQov_aH0&t=2044s		
"Aww this is going to be a long 5 days. Fucking hell. Aww man. We're still going to the party though, right?"	Life is Strange 2	https://www.youtube.com/watch?v=KZokQov_aH0&t=2044s		
 "X isn't even a good game. It's comfortably mediocre and would be outright terrible if it wasn't for the strong introduction it provides for the characters in the series."	Uncharted 1	https://www.youtube.com/watch?v=KZokQov_aH0&t=2044s		
"He's gotta know what she's doing, right? WOAH, HOLY SHIT, OK. So, this is just a sport fuck for her? I thought she actually liked him."	Life is Strange	https://www.youtube.com/watch?v=KZokQov_aH0&t=2044s		
"Here's some what I think is legitimate criticism, not memeing, a problem that I have with the game. And that is, as it's gone on, more of the choices have become completely fake."	Life is Strange	https://www.youtube.com/watch?v=KZokQov_aH0&t=2044s		
"How do we get up there? [...] What kind of monocreature are we? Look, we played Hello Neighbor this might be how you get up here! [...] YES! WE DID IT! *laughs*"	Bugsnax	https://www.youtube.com/watch?v=KZokQov_aH0&t=2044s		
"Sorry I just got distracted by something I noticed on screen right now, holy shit. [...] Uhh, damn, holy shit! Where have you been hiding that?"	Life is Strange: True Colors	https://www.youtube.com/watch?v=KZokQov_aH0&t=2044s		
"This is making me realize that the combat system in this game is like Witcher-tier, it's just here for context and a little bit of fun."	Yakuza 0	https://www.youtube.com/watch?v=KZokQov_aH0&t=2044s		
"If you're ever with a girl chat, and uhh, ya know you get naked, and her socks match, then uhh, you're not the one who decided to have sex. Little life lesson there from Papa Joe."	Blasphemous	https://www.youtube.com/watch?v=KZokQov_aH0&t=2044s		
"*long silence* 'kay this might just kill the whole game. The whole game might be dead after this. If they don't explain it in a satisfactory way, if I wasn't streaming, I wouldn't continue playing."	Danganronpa V3	https://www.youtube.com/watch?v=KZokQov_aH0&t=2044s		
"Oh no we're gonna kill again! Oh no! *bursts into laughter* I forgot about that! [...] Everyone knows kids sink."	Indigo Prophecy	https://www.youtube.com/watch?v=KZokQov_aH0&t=2044s		
"Aww man. Oh no! He's Oblivion pissed off now! Oh no! [...] Have we pissed him off forever now? Oh we have now I guess we made our choice."	Vampire: Masquerade	https://www.youtube.com/watch?v=KZokQov_aH0&t=2044s		
"I'm a [REDACTED] streamer now I stream [REDACTED]. Don't I get like an "Achievement Unlocked" on Twitch now that I've streamed [REDACTED]?"	Minecraft	https://www.youtube.com/watch?v=KZokQov_aH0&t=2044s		
 "This is dumb. This is really, really dumb. Oh no no! *laughs* Sorry, I must be tired."	God of War 3	https://www.youtube.com/watch?v=KZokQov_aH0&t=2044s		
”[REDACTED] WHAT THE FUCK ARE YOU DOING? That's coming in SO hot. What the fuck is your problem? What? *laughs* "Hey, hey [REDACTED], gonna be doing any MURDERS later?"	Persona 4 Golden	https://www.youtube.com/watch?v=KZokQov_aH0&t=2044s		
"Hey Reddit, I just finished [REDACTED]’s quest. Did anyone really love that moment at the end of it where it looked like the dialogue was over but it made you linger while [REDACTED] had a moment to pay their respects?"	Starfield	https://www.youtube.com/watch?v=KZokQov_aH0&t=2044s		
 “*drops controller in disgust* *sighs* *drops controller again* Essence of maidiness?”	Xenoblade Chronicles 2	https://www.youtube.com/watch?v=KZokQov_aH0&t=2044s		
"Aww, that's so sad. *10 second silence* I wonder if there's porn of her."	Danganronpa 2	https://www.youtube.com/watch?v=KZokQov_aH0&t=2044s		
"You can also sleep with a succubus in the game which means I have to reveal I was wrong about this game being my least favorite in the trilogy, it's actually my favorite game of All-Time."	The Witcher 2	https://www.youtube.com/watch?v=KZokQov_aH0&t=2044s		
“Starting to think it might be a real scene. How is-how is it making me think it’s a real scene? It has to be a dream, RIGHT? There’s no way. Wh-wh- WHAT??? *inaudible* THERE’S NO FUCKING WAY”	Life is Strange: BtS	https://www.youtube.com/watch?v=KZokQov_aH0&t=2044s		
“Alright, this game is fucking awesome chat. Like, seriously. This game’s fucking great. Holy shit this game’s great.”	Neon White	https://www.youtube.com/watch?v=KZokQov_aH0&t=2044s		
“*reads comment* Really? I believe you chat, I believe you. *laughs extensively* Alright, did we just break the game?”	Star Wars Jedi: Fallen Order	https://www.youtube.com/watch?v=KZokQov_aH0&t=2044s		
"Oh god we saved it with this. Wonder how many times we're gonna hear this."	Alien: Isolation	https://www.youtube.com/watch?v=KZokQov_aH0&t=2044s		
"Mommy? Mommy? WITNESS ME!"	GoW: Ragnarok	https://www.youtube.com/watch?v=KZokQov_aH0&t=2044s		
"Do we just win? 10, 15, yea we just win. Bad math. Bad math. You saw it here. You saw it here first chat. I'm bad at math. I'm awful at math."	Slay the Spire	https://www.youtube.com/watch?v=KZokQov_aH0&t=2044s		
"Do I do myself? No, you. No no me me me me. No, you you definitely you definitely you. No me. No me. No you."	Until Dawn	https://www.youtube.com/watch?v=KZokQov_aH0&t=2044s		
"If I do that video it'll be after the Witcher videos. [...] Did you hear that Tool is releasing a new album this year? They promise promise. [...] What's gonna come out first, the new Tool album or my Witcher video?"	Recettear	https://www.youtube.com/watch?v=KZokQov_aH0&t=2044s		
"Oh god her eyes. Oh fuck her eyes. That's really creepy."	Doki Doki Lit C	https://www.youtube.com/watch?v=KZokQov_aH0&t=2044s		
"Where is he? What? What? What? What? What? Oh shit look how spooky he is. Oh shit what is this game. What the fuck, what? *laughs*"	Hello Neighbor	https://www.youtube.com/watch?v=KZokQov_aH0&t=2044s		
"It did work out splendidly yea! Gonna sleep well tonight! Can't believe how well this came together! It was just a shot in the dark over the last 500 years, but yanno what, it worked out okay."	Bayonetta	https://www.youtube.com/watch?v=KZokQov_aH0&t=2044s		
"I hate to sound like a condescending prick but, I kinda feel like the reason people aren't mad at Witcher 3 for doing the exact same thing Mass Effect 3 did is because the posers on Reddit didn't play Witcher 1 & 2."	The Binding of isaac	https://www.youtube.com/watch?v=KZokQov_aH0&t=2044s		
"Umm... That ending was pretty bad. That was pretty bad."	Catherine	https://www.youtube.com/watch?v=KZokQov_aH0&t=2044s		
"That was pretty good. I enjoyed that game. Bosses were ehhhhh. I'd like to do the bosses again to see. That was a really good game I enjoyed that."	DOOM: Eternal	https://www.youtube.com/watch?v=KZokQov_aH0&t=2044s		
“I just got chills, I’m not even kidding. I just got chills. With the music kicking in after getting up.”	Death Stranding	https://www.youtube.com/watch?v=KZokQov_aH0&t=2044s		
“Are you shitting me? Lili, Kevin got back in the house and I don’t see the bunny anywhere. I don’t see the bunny anywhere and Kevin’s back in the house. Lili: Kevin needs to die.”	Terraria	https://www.youtube.com/watch?v=KZokQov_aH0&t=2044s		
“What? Wait, what’s happening right now? Why are we calling her? Of course. I mean - I accidentally hit yes my finger slipped - but I don’t understand what’s happening here.”	Persona 5	https://www.youtube.com/watch?v=KZokQov_aH0&t=2044s		
“Nope, XCOM sucks. I hate XCOM. It’s too RNG. I’ve played it before, I don’t like it. This is good. This is enjoyable. I like this. I don’t like XCOM.”	Into the Breach	https://www.youtube.com/watch?v=KZokQov_aH0&t=2044s		
"Do you? Because she's in a simulation, her body is still breathing in the outside world as she's sitting there in the virtual chair. Try and hold your breath and see if you can kill yourself by just stopping breathing."	Danganronpa V3	https://www.youtube.com/watch?v=KZokQov_aH0&t=2044s		
“Wow, I should have given her a tramp stamp.”	Code Vein	https://www.youtube.com/watch?v=KZokQov_aH0&t=2044s		
"This dog is the only thing keeping this family together."	Hades	https://www.youtube.com/watch?v=KZokQov_aH0&t=2044s		
“It’s not gonna end, is it? There’s no way. *game cuts to black*”	Disco Elysium	https://www.youtube.com/watch?v=KZokQov_aH0&t=2044s		
“I think the first one is always gonna be my favorite because- even if this isn’t my favorite genre of games, I got to be there for the birth of this shit. It was fucking magical playing that game for the first time.”	Devil May Cry 5	https://www.youtube.com/watch?v=KZokQov_aH0&t=2044s		
“This is AMAZING. Well done game. This is fucking stellar. Fuck me this is so good. Well done game.”	Danganronpa 2	https://www.youtube.com/watch?v=KZokQov_aH0&t=2044s		
"*gasps* GERALT? Geralt’s here? Oh no, he’s hot!”	Yakuza 0	https://www.youtube.com/watch?v=KZokQov_aH0&t=2044s		
"*reads ridiculous comment by chatter* WHAT? WHAT? [...] How old are you? That's not a dig, sorry. How old are you? Because if you're not trolling I feel like you don't understand genre."	Lies of P	https://www.youtube.com/watch?v=KZokQov_aH0&t=2044s		
“Did I like the game? Yea I liked it. I have no idea what the fuck happened. I have no idea. I have no idea what happened. I don’t understand it.”	LISA: The Painful	https://www.youtube.com/watch?v=KZokQov_aH0&t=2044s		
“Still not the moment chat! *starts giggling intensely* *starts laughing harder* HERE WE GO! YES! Oh my face hurts. This is just amazing."	Fahrenheit: Indigo Prophecy	https://www.youtube.com/watch?v=KZokQov_aH0&t=2044s		
“Shit, I want to hit no! No! Fuck, fuck! It tricked me into hitting yes thinking it was another prompt."	Undertale	https://www.youtube.com/watch?v=KZokQov_aH0&t=2044s		
“Some of you are being weird. You need to chill out.”	Reddit Joe	https://www.youtube.com/watch?v=KZokQov_aH0&t=2044s		
“For the cause? Wow. That’s like the shittiest battle cry ever.”	Jedi: Fallen Order	https://www.youtube.com/watch?v=KZokQov_aH0&t=2044s		
“X character is making me incredibly uncomfortable and I don't think the game or story has earned the right to explore that kind of topic with the tone and presentation it has so far."	VA-11 HALL-A	https://www.youtube.com/watch?v=KZokQov_aH0&t=2044s		
“The game is awkward as fuck. [GAME NAME] is one of my favorite games of All-Time. It's an awkward, janky ass game. I'm curious to see if they fixed it or not."	Shadow of the Colossus	https://www.youtube.com/watch?v=KZokQov_aH0&t=2044s		
"Okay that was really cool. I liked that a lot. That was really interesting. That was neat. It was unique, it was interesting. It wasn't too easy but it wasn't too challenging either. That was good, really good."	Gorogoa	https://www.youtube.com/watch?v=KZokQov_aH0&t=2044s		
"Is it done? Is it actually done? Are we free? What a game man. Whatever you think of it, it's so substantial, what a game. I enjoyed it. 7 out of 10."	Persona 5	https://www.youtube.com/watch?v=KZokQov_aH0&t=2044s		
"*gasps* Oh my god, come here, come up here! It's dead! You killed it with a mine earlier and it only spawned in now."	Fallout 76	https://www.youtube.com/watch?v=KZokQov_aH0&t=2044s		
"*laughing* under certain conditions? What do you mean certain conditions? THAT'S SO VAGUE. *while still laughing* What do you mean, certain conditions like he's had a bunch of fucking crack?"	AI: Somnium Files	https://www.youtube.com/watch?v=KZokQov_aH0&t=2044s		
"Oh god, aww, it just dawned on me right now that we actually have to play this game. *groans in agony* Aw for fucks sake. Chat, I don't like this game."	Heavy Rain	https://www.youtube.com/watch?v=KZokQov_aH0&t=2044s		
“umm… WHAT? WUU-. *sighs* fuckin- *groans* OH MY GOD *laughs* I CAN’T BELIEVE, WHA- THAT’S THE WORST MOMENT IN ALL 3 GAMES SO FAR.”	Beyond Two Souls	https://www.youtube.com/watch?v=KZokQov_aH0&t=2044s		
"RESTORE Health. Oh there's so many! Climb over. Alright, where are we going? Oh my god. Is it on a holster on your back? Where are we going? Oh my god there's so many of them! Where are you all coming from? Climb down."	Resident Evil Village	https://www.youtube.com/watch?v=KZokQov_aH0&t=2044s		
"I like this. I like this. I don't know if I fully understand it. I find myself saying that a lot when it comes to the more abstract experiences we play on stream."	Slay the Princess	https://www.youtube.com/watch?v=KZokQov_aH0&t=2044s		
"This may not seem that bad but more than once the game is slowed to boredom because of it. You've already solved this puzzle in your head long before you've demonstrated it."	Hob	https://www.youtube.com/watch?v=KZokQov_aH0&t=2044s		
"As I would expect from the ultimate rock climber. Damn the butt on this girl, holy crap. Where has she been hiding that?"	Until Dawn	https://www.youtube.com/watch?v=KZokQov_aH0&t=2044s		
"I think you get the point of this exaggerated example. The reason you would not do this - and to be clear, if you have done this to someone, you owe them apology."	Subjectivity Is Implied	https://www.youtube.com/watch?v=KZokQov_aH0&t=2044s		
"I can't tell if this is safe or not. Oh, alright, thanks Jokell. WHAT THE FUCK JOKELL?"	Ashen	https://www.youtube.com/watch?v=KZokQov_aH0&t=2044s		
"The most I have ever related with a character in any media ever in my entire life is the scene in The Wire when McNulty is driving back home drunk.”	Detroit: Become Human	https://www.youtube.com/watch?v=KZokQov_aH0&t=2044s		
“Weeeee! Alright push me. Push me. My chariot awaits! It’s Bik-*laughs*. We can totally get that through there. We can totally get it through there. NOOOO- we just need to angle it properly.”	Half-Life 2	https://www.youtube.com/watch?v=KZokQov_aH0&t=2044s		
“*laughing* I feel like [X] is the only actual person in the whole game. *laughs harder*”	Detroit: Become Human	https://www.youtube.com/watch?v=KZokQov_aH0&t=2044s		
"It was pretty good. It was charming. Had an interesting premise. Had a lot of concepts. I think if you spent a lot of time going through it that you would be able to find a lot wrong with how the story is constructed."	Ghost Trick	https://www.youtube.com/watch?v=KZokQov_aH0&t=2044s		
"*bursts out laughing* [X] doesn’t fuck around. That’s great!”	Detroit: Become Human	https://www.youtube.com/watch?v=KZokQov_aH0&t=2044s		
"FromSoft entered an arms race against itself. A literal arms race really because its mostly been about how fast they can make the arms move for these enemy attacks."	Elden Ring	https://www.youtube.com/watch?v=KZokQov_aH0&t=2044s		
“Alright, I’m happy to say and this might disappointment quite a lot of you because I feel like I like this game more than chat for once but I thought the ending was okay.”	Detroit: Become Human	https://www.youtube.com/watch?v=KZokQov_aH0&t=2044s		
"WHAT? *laughs* Aw shit. Oh no. This is hitting too close to home right now. You know what? Fuck you baby. Fuck you baby."	The Stanley Parable	https://www.youtube.com/watch?v=KZokQov_aH0&t=2044s		
"Games can often feel like this in [X], that you are roleplaying a bitch AI so the other player can enjoy himself."	Hearthstone	https://www.youtube.com/watch?v=KZokQov_aH0&t=2044s		
"I want to die, let's go with that, let's die."	Katana Zero	https://www.youtube.com/watch?v=KZokQov_aH0&t=2044s		
"The first boss battle is one of the stupidest fights I have ever seen in a game that mostly succeeds in taking itself seriously."	A Plague Tale: Innocence	https://www.youtube.com/watch?v=KZokQov_aH0&t=2044s		
"Man, Nintendo just can't do good bosses huh? Good platforming, bosses have been kinda meh so far."	Super Mario Wonder	https://www.youtube.com/watch?v=KZokQov_aH0&t=2044s		
"It has a lot of gameplay for its price, and it's a grinding game that KNOWS it's a grinding game."	Stardew Valley	https://www.youtube.com/watch?v=KZokQov_aH0&t=2044s		
"'Any sacrifices made for my work are worth it 100% of the time, it always pays off eventually." Well this is really speaking to me right now, holy shit."	The Beginner's Guide	https://www.youtube.com/watch?v=KZokQov_aH0&t=2044s		
"You're gonna sit there and legitimately tell me that you don't think that this game is kind of playing and riffing off your expectations in that way, REALLY? C'mon. Are you fucking serious?"	Deltarune	https://www.youtube.com/watch?v=KZokQov_aH0&t=2044s		
"[X] is one of the best games I have ever played. [...] A big part of why I like it is its story and how it's told, which are distinct things in my mind. It's a decent story told very, very well."	The Last of Us	https://www.youtube.com/watch?v=KZokQov_aH0&t=2044s		
"We just went full Jensen there. Okay what happens if we get spotted, do we get game over? *laughs* *pauses game* *claps while laugh gets louder*"	Marvel's Spider-Man	https://www.youtube.com/watch?v=KZokQov_aH0&t=2044s		
"You'll make sprawling monstrosities of your own as you play. It's unavoidable. But you'll do it in such a hyper-focused haze that you won't realize how complex a beast you've constructed until after you're finished."	Factorio	https://www.youtube.com/watch?v=KZokQov_aH0&t=2044s		
“What? What? *higher pitch* What? What? What? What? What? What? What? What? What? C’moooooon. What? What is this guy made out of?”	Hitman 3	https://www.youtube.com/watch?v=KZokQov_aH0&t=2044s		
"What did I watch? I watched some movies and I watched a TV show. And umm, I'm about to lose a lot of fans. Alright, you ready? Good thing it's the [X] stream because I can turn the [REDACTED] on myself."	PowerWash Simulator	https://www.youtube.com/watch?v=KZokQov_aH0&t=2044s		
"So, really good game overall. I feel like the story was a bit of a fucking mess but it was an enjoyable mess, which is more than I can say for most games. [...] It had some really good emotional notes that it hit."	Yakuza 0	https://www.youtube.com/watch?v=KZokQov_aH0&t=2044s		
"laughs* Oh god. That is SUCH a good line. Such a good line."	Portal 2	https://www.youtube.com/watch?v=KZokQov_aH0&t=2044s		
"I would rank it with 3 being the best, then 1, then 2, with 2 being significantly lower than the other ones. But it's still a decent game. I don't think 2 is a bad game, it's just the most dull in parts."	Ace Attorney 3	https://www.youtube.com/watch?v=KZokQov_aH0&t=2044s		
"Damn another shot in the shoulder. Godammit. Aw dammit now we got shot in the ear. Ah no! Shit. Oh no, now in the arm. Aw man we got shot so many times today. Oh no- got you okay. Aw shit man this is my favorite coat!"	Heavy Rain	https://www.youtube.com/watch?v=KZokQov_aH0&t=2044s		
"Ummm.... I didn't like it very much. Gotta be honest, sorry. There were some parts of it that I did like. Some parts of it were pretty pretty. Some parts of it sounded great. But overall, not my kind of game."	Wandersong	https://www.youtube.com/watch?v=KZokQov_aH0&t=2044s		
“His house, his rules, not the asshole. *pauses game and laughs ass off at chatter’s comment* I KNOW EXACTLY WHAT YOU’RE TALKING ABOUT!”	God of War: Ragnarok	https://www.youtube.com/watch?v=KZokQov_aH0&t=2044s		
"Some reviewers have criticized the game for "a lack of defensive options". I don't agree with this statement. The game is giving you different options, not fewer ones, you just have to be willing to experiment."	Bloodborne	https://www.youtube.com/watch?v=KZokQov_aH0&t=2044s		
"*sings Persona 4 theme* WHAT THE SAME LINE? Does it mean they're getting close? [...] Alright let me test it. Alright, I heard it! Jump over, I can't. Ok we just keep going. Oh they caught me that means they're close."	Forspoken	https://www.youtube.com/watch?v=KZokQov_aH0&t=2044s		
"I cannot remember a story in a game that is such a horrible mess as this one. It's so bad that I'm worried some of you watching may think I'm making some of these plot points up."	Fallout 4	https://www.youtube.com/watch?v=KZokQov_aH0&t=2044s		
“I’m a boomer, I can’t be attracted to anyone who’s taller than me. […] Any girl that I could date has to be like, what? I’m 6-foot. She has to be at most 5’8”.”	Hi-Fi Rush	https://www.youtube.com/watch?v=KZokQov_aH0&t=2044s		
“*pauses the game* *sighs heavily* THEY CHANGED NOTHING. THEY CHANGED NOTHING. WHAT THE FUCK. Holy shiiit."	Tears of the Kingdom	https://www.youtube.com/watch?v=KZokQov_aH0&t=2044s		
"Wait- no I healed! I healed! Nooo! I'm a Redditor! No, no I'm a Redditor now! Holy shit, no. Oh my god thank you for the heal kind stranger. No no no no no no no!"	Yakuza 0	https://www.youtube.com/watch?v=KZokQov_aH0&t=2044s		
"Thank you chat. This was really worth playing before we started [REDACTED]"	Captain Spirit	https://www.youtube.com/watch?v=KZokQov_aH0&t=2044s		
"*bursts out laughing* NOOOOO! *sings along with the song* [...] Man, I take it back, they really did have an ending in mind. It was this."	AI: Somnium Files	https://www.youtube.com/watch?v=KZokQov_aH0&t=2044s		
"Okay, I don't know guys. I'm starting to get the sneaking suspicion that this game is dumb."	Xenoblade Chronicles 2	https://www.youtube.com/watch?v=KZokQov_aH0&t=2044s		
“This is quite possibly my most hated moment in the game. The only thing that might be worse is when you fight her again later.”	Uncharted 4	https://www.youtube.com/watch?v=KZokQov_aH0&t=2044s		
"That's a problem for future Joe. Well now I am future Joe goddammit. And mistakes were made. Regrets were done. Reaping is great. Sowing is not.”	Umineko	https://www.youtube.com/watch?v=KZokQov_aH0&t=2044s		
"Honestly, I shouldn't even be talking. It's a crime that I'm talking over this game. I should be silent so everybody can bask in its' majesty."	Super Mario Odyssey	https://www.youtube.com/watch?v=KZokQov_aH0&t=2044s		
"*laughs* Yeaaaaa! Could you imagine being the one who thought of this trying to explain and convince everyone you're gonna do it? *laughs harder*"	Alan Wake 2	https://www.youtube.com/watch?v=KZokQov_aH0&t=2044s		
"*laughs* so judgemental* *pauses game* *cracks up laughing* Just imagine being that guy and some girl comes up and says that to you"	Life is Strange	https://www.youtube.com/watch?v=KZokQov_aH0&t=2044s		
"Why are you guys fixating on the 3AM poop? It's not like I got up to poop, I was already wake. Who wakes up to poop?"	House Flipper	https://www.youtube.com/watch?v=KZokQov_aH0&t=2044s		
"What if it works? If it works, we can turn these streams from 'Wished I Watch another Canadian stream Super Auto Pets' into 'Cream'. What if?"	Amnesia: The Bunker	https://www.youtube.com/watch?v=KZokQov_aH0&t=2044s		
“*laughs* AWWW YESSSSSSS!!!! YES! ALRIGHT WHERE WE GOIN- OH NO WHAT THE FUCK IS THAT?”	Star Wars: Jedi Survivor	https://www.youtube.com/watch?v=KZokQov_aH0&t=2044s		
"It's made the jump from always avoidable damage and managing healing resources over an entire level to focusing mostly on the short-term moments in each individual fight and having you heal continually."	Dark Souls 2	https://www.youtube.com/watch?v=KZokQov_aH0&t=2044s		
"*credits roll* Alright, that was okay. It was really good in the beginning, but umm... that whole thing with the dead end room really soured me on it. I'm pretty pissed about that."	Antichamber	https://www.youtube.com/watch?v=KZokQov_aH0&t=2044s		
"It's the monkeys typing Shakespeare bit with all the typewriters, it'll just never happen forever. It would eventually? No, it would just never happen forever. Just like Witcher 3 video, it would never happen forever."	Alan Wake	https://www.youtube.com/watch?v=KZokQov_aH0&t=2044s		
"I should say that not only do I think [X] is the better game, I think it is one of the best games ever created. Largely because of its narrative that works in spite of its gameplay rather than in harmony with it."	Fallout: New Vegas	https://www.youtube.com/watch?v=KZokQov_aH0&t=2044s		
"Their entire history was just being rude about the Witcher 3 video not being out. Most notably, the: "yo fuckhead, where is Witcher 3? *bursts out laughing*"	Armored Core VI	https://www.youtube.com/watch?v=KZokQov_aH0&t=2044s		
"Some people way smarter than you and me have proposed that the chances are fairly high that we are in a simulation right now."	Soma	https://www.youtube.com/watch?v=KZokQov_aH0&t=2044s		
"After we've been such an asshole throughout the whole entire run, this feels kinda fittingly canon, doesn't it? This feels appropriate. Damn.”	Persona 4 Golden	https://www.youtube.com/watch?v=KZokQov_aH0&t=2044s		
"I like that she has a choker. I like chokers."	Danganronpa 2	https://www.youtube.com/watch?v=KZokQov_aH0&t=2044s		
"This is why the first boss was also a part of the disappointment for me in the beginning, it burst open into this thing and it honestly looks like a sock puppet to me, this isn't scary or intimidating."	Dark Souls 3	https://www.youtube.com/watch?v=KZokQov_aH0&t=2044s		
"Fuck it let's just rip the bandaid off. Thank you for the bits Bill Nye the Creampie Guy."	Hellpoint	https://www.youtube.com/watch?v=KZokQov_aH0&t=2044s		
"Now I hear it. I hear it. God damn you chat. She's ruined. [...] Goddammit she's ruined. She's fucking ruined."	Danganronpa	https://www.youtube.com/watch?v=KZokQov_aH0&t=2044s		
"I like every single game of his that he's written. I've enjoyed them, I found them entertaining, even if they're frustrating me I find them entertaining. I don't think they play fair."	AI: NirvanA Iniative	https://www.youtube.com/watch?v=KZokQov_aH0&t=2044s		
"*gasps* My god we've cracked it! JUMP! JUMP! YESSSSSSSSS!! FUCK YOU! FUCK YOU! OH MY FUCKING GOD, REALLY?"	Rabi-Ribi	https://www.youtube.com/watch?v=KZokQov_aH0&t=2044s		
"I'm Nagito. If you guys don't believe me, there ya go. I'm gonna pay for this with ultimate bad luck later, you guys don't understand, ok? It's a 0.6% chance to get this."	Genshin Impact	https://www.youtube.com/watch?v=KZokQov_aH0&t=2044s		
"[X] let's you build and run your own engine of evil. You corrupt the very earth in each level. You spread through it all like a tumor growing stronger with every bit of it that you claim."	Dungeon Keeper	https://www.youtube.com/watch?v=KZokQov_aH0&t=2044s		
"¡DIOS MIO! *draw a cross* A LIBERAL! *Joe bursts out laughing*"	Disco Elysium	https://www.youtube.com/watch?v=KZokQov_aH0&t=2044s		
"I don't think this game is getting enough credit for what it does right. It's considered to be a good game. It's not a good game. It's a great game."	Lies of P	https://www.youtube.com/watch?v=KZokQov_aH0&t=2044s		
"Man we would have been done so much sooner if the last fight wasn't just quite possibly the biggest difficulty spike I've ever encountered in a whole entire game in my 37 1/2 years of living on this earth."	13 Sentinels	https://www.youtube.com/watch?v=KZokQov_aH0&t=2044s		
"*bursts out laughing* She's like how dare you bring that up, the glare! It's like a couple bickering at dinner with a dinner guest. *laughs harder*"	Zero Time Dilemma	https://www.youtube.com/watch?v=KZokQov_aH0&t=2044s		
"So do you know how Lili and I said we weren't gonna have anymore kids, that we're done at 4? WELL, lemme tell you, that is still the case. Yup. All done. I'm gonna get the ol' snippy snip as soon as COVID dies down."	Vampire Survivors	https://www.youtube.com/watch?v=KZokQov_aH0&t=2044s		
"I would have happily paid $60 for the amount of enjoyment I got out of this game. At $45 I would have still thought it had great value. [X] launched permanently on sale."	Hollow Knight	https://www.youtube.com/watch?v=KZokQov_aH0&t=2044s		
"But I did enjoy the game I'm very happy that I played it, thank you for making me play it. I'd be interested in the sequel but everyone says that it's not as good."	Deadly Premonition	https://www.youtube.com/watch?v=KZokQov_aH0&t=2044s		
"Alright, if I ever get a chance, I am going to kill you, dude. [...] I HATE you. You're my most hated character in all fiction. Do you understand that? It's gonna be slow, it's gonna be painful, it's gonna be--"	Deltarune	https://www.youtube.com/watch?v=KZokQov_aH0&t=2044s		
"*Joe and Lili gasp* and she's blonde!"	Jump King	https://www.youtube.com/watch?v=KZokQov_aH0&t=2044s		
"Let me shock the hell out of you, that was still better than the ending of the first game. That was still better than the ending of the first game. The ending of the first game is ridiculous."	The Evil Within 2	https://www.youtube.com/watch?v=KZokQov_aH0&t=2044s		
"*stretching* oh my god, oh man this sucked. This was really bad. This was really bad. Really, really, really bad. 6/10. Really bad."	Gollum	https://www.youtube.com/watch?v=KZokQov_aH0&t=2044s		
"*credits roll* I-.... Umm... does anyone else think this kinda sucked? *laughs*"	Silent Hill	https://www.youtube.com/watch?v=KZokQov_aH0&t=2044s		
"It's not that it's too hard, it's just kinda awkward. If you want to play this game a lot and get really really good at it then it's gonna be amazing I'm guessing, especially if you like the art style. I don't."	Pizza Tower	https://www.youtube.com/watch?v=KZokQov_aH0&t=2044s		
"The last thing I want to point out here is how much the game's world is hurt by all of the loading screens between areas."	Prey	https://www.youtube.com/watch?v=KZokQov_aH0&t=2044s		
"Aw fucking hell. This is the worst thing that has happened in the game. This is the worst thing that has happened in both games. This is the WORST thing."	Persona 4 Golden	https://www.youtube.com/watch?v=KZokQov_aH0&t=2044s		
"What was the budget for this game? Definitely the most anime of the three characters."	Detroit: Become Human	https://www.youtube.com/watch?v=KZokQov_aH0&t=2044s		
"I went to the zoo the other day. It was the worst zoo I've ever seen. They only had one animal. It was a shitzu! YES! *honks*"	Untitled Goose Game	https://www.youtube.com/watch?v=KZokQov_aH0&t=2044s		
"Since Friday, Lili is, as you know, pregnant... *pause, long sip* ...uh, with the idea that we need to leave Moncton, um, so, that's what we did for most of the weekend, is that we worked on... *starts laughing*"	Resident Evil Village	https://www.youtube.com/watch?v=KZokQov_aH0&t=2044s		
"The strongest feeling I was left with after finishing [X] is that I hope it's the birth of a genre. [...] It could be the game that inspires other games and copycats."	Return of the Obra Dinn	https://www.youtube.com/watch?v=KZokQov_aH0&t=2044s		
"Oh woah what the hell is in there, there's another tape! What if I like micro it really fast? Hold on, need to use the mouse for this. *bursts out laughing*"	Bugsnax	https://www.youtube.com/watch?v=KZokQov_aH0&t=2044s		
"There's less going on in these games on the simulation side of things and instead they offer more gamey mechanics. The main one in [X] which the entire game is built around are production chains."	Anno 2205	https://www.youtube.com/watch?v=KZokQov_aH0&t=2044s		
"I'm actually really grateful to chat for making me play this. This game is VERY interesting. [...] It's very, very interesting."	Zero Escape: VLR	https://www.youtube.com/watch?v=KZokQov_aH0&t=2044s		
"Alright, I will ruin something for you all right now. This took me, this part right here, it took me like an HOUR. *laughs*"	Watching GoW Video	https://www.youtube.com/watch?v=KZokQov_aH0&t=2044s		
"My hot take is that Cars 2 is better than Cars 1."	SotEt Q&A	https://www.youtube.com/watch?v=KZokQov_aH0&t=2044s		
"But these toxic assholes who have latched onto this series - probably because it's the first time something in their life has held them accountable, so now they view a game dev as a surrogate parent"	Shadow of the Erdtree	https://www.youtube.com/watch?v=KZokQov_aH0&t=2044s		
Even weirder is that [X] is barely in the game. They are undoubtedly important to the plot and do serve as the game's major antagonistic force but their screen time is shockingly low for something placed in the title."	The Witcher 3	https://www.youtube.com/watch?v=KZokQov_aH0&t=2044s		
"Let's just save it for the fun of having it done. Alright, and that's it. I'm done."	Steins;Gate	https://www.youtube.com/watch?v=KZokQov_aH0&t=2044s		
"Oh, wait, what? Is that a fucking shark? What the fuck? *laughs*"	Hello Neighbor	https://www.youtube.com/watch?v=KZokQov_aH0&t=2044s		
"If Xenoblade Chronicles 3 wins, I'm not deleting my channel. I'm changing my channel and devoting it to hating on the Xenoblade Chronicles series."	Stray	https://www.youtube.com/watch?v=KZokQov_aH0&t=2044s		
"I didn't like the ending. I really love the game and I don't hate the ending so the ending has not ruined the game for me, but I think it could have come close."	Alan Wake 2	https://www.youtube.com/watch?v=KZokQov_aH0&t=2044s		
"I am not okay. I am not okay. What the fuck was the, oh, you parry two hits? Alright just gonna keep on attacking and attacking and attacking attacking attacking attacking attacking."	Star Wars: Jedi Survivor	https://www.youtube.com/watch?v=KZokQov_aH0&t=2044s		
"I want to give the game credit where it's due because I don't want to, like, mindlessly just hatefuck it, you know what I mean? ...Okay, that was bad phrasing, I'm sorry. *starts laughing*"	Hunt Down The Freeman	https://www.youtube.com/watch?v=KZokQov_aH0&t=2044s		
"The game stutters more than my youngest son when he's trying to learn new words and has more pop-up than his favorite books."	Subnautica	https://www.youtube.com/watch?v=KZokQov_aH0&t=2044s		
"Just, fucking like, hats off man. [...] It really felt like they sat there and said: 'how can we outdo that?' and they did it man. That was better. That was so good."	GoW: Ragnarok	https://www.youtube.com/watch?v=KZokQov_aH0&t=2044s		
"Did she just say quiver when she said hardness? *bursts out laughing* This game is so gloriously fucking stupid! *keeps laughing*"	999: Zero Escape	https://www.youtube.com/watch?v=KZokQov_aH0&t=2044s		
"I don't know if there's ever been a game I've played that's started out so interesting and I was so in, and then has NOSE DIVED so hard at the end that I think it's a complete waste of fucking time."	Zero Escape: VLR	https://www.youtube.com/watch?v=KZokQov_aH0&t=2044s		
"The whole game feels like it was made out of sheer obligation. It feels kind of rushed, and it benefits from being rushed because it made the pacing better but the whole thing feels like: ugh I guess I have to do it"	Zero Time Dilemma	https://www.youtube.com/watch?v=KZokQov_aH0&t=2044s		
"Here's my face. I have no idea what's gonna happen now. I'm pretty nervous I'm not gonna lie."	A Hat in Time	https://www.youtube.com/watch?v=KZokQov_aH0&t=2044s		
"This was Gollum bad. This was really bad."	Twelve Minutes	https://www.youtube.com/watch?v=KZokQov_aH0&t=2044s		
"What? NOOOOO! NOOO *laughs a bit*. NOO. NOOOOOOOOOOO. NOOO. NO. NO. NO DON'T HELP HER OUT. NOOOOO."	Danganronpa v3	https://www.youtube.com/watch?v=KZokQov_aH0&t=2044s		
"The majority of these are so bad that it feels like the developers held a 'Bring Your Kid to Work Day' and had them all design their own and the ones everyone liked the most are the ones included in the game."	Zelda: Breath of The Wild	https://www.youtube.com/watch?v=KZokQov_aH0&t=2044s		
"X is probably more impressive in terms of being more complicated and having more longevity but X is really impressive to me by how simple it is and how it manages to make you really think every single turn."	Faster than Light	https://www.youtube.com/watch?v=KZokQov_aH0&t=2044s		
"This game is fantastic. […] This game is an absolute bargain, it's a steal. You could play it a lot, you could get a lot of value out of it. Bosses are really good."	Hi-Fi Rush	https://www.youtube.com/watch?v=KZokQov_aH0&t=2044s		
"*laughs* HOW IS IT STILL GOING? OOOOH GOD. *cringes audibly on stream*"	Atomic Heart	https://www.youtube.com/watch?v=KZokQov_aH0&t=2044s		
"*Insincere enthusiasm* I am here with my contractually obligated stream of this 'game'. [...] I hope that you will enjoy this as much as I will. *sighs*"	Steins;Gate	https://www.youtube.com/watch?v=KZokQov_aH0&t=2044s		
"I consider X to be one of the best games ever made and that it's high on my list of favorites. That said, it is not a perfect game. It is a flawed masterpiece that has earned a fanatical following."	Dark Souls	https://www.youtube.com/watch?v=KZokQov_aH0&t=2044s		
"How and when did you make this? JULY OF LAST YEAR? *bursts out laughing*"	Hypnospace Outlaw	https://www.youtube.com/watch?v=KZokQov_aH0&t=2044s		
"Good god this is so slow. First game is so much better. I don't know what they thought was gonna happen with this."	Life is Strange 2	https://www.youtube.com/watch?v=KZokQov_aH0&t=2044s		
"For me, this was the most horrifying part of the whole story. [...] It's that it was done with such a happy song and dance."	Edith Finch	https://www.youtube.com/watch?v=KZokQov_aH0&t=2044s		
"I jus-ugh, I hate to say-, you know what I don't hate to say it. It's just a worse version of Enter the Gungeon to me."	The Binding of Isaac	https://www.youtube.com/watch?v=KZokQov_aH0&t=2044s		
"What follows after this is about 46 minutes of me arguing back and forth with chat, although arguing might be a bit charitable. *sensible chuckle*"	Danganronpa	https://www.youtube.com/watch?v=KZokQov_aH0&t=2044s		
"This sequence where the game passes judgment on you is pretty cool. You have made some good or bad decisions that you didn't even know the game would be paying attention to."	Prey	https://www.youtube.com/watch?v=KZokQov_aH0&t=2044s		
"I'm going to say that I was correct in my assessment when I said this was a series that I would like but not love. I think I could enjoy it quite a bit but I don't think it's gonna be like: 'AW FUCKING GREAT'"	Hitman 3	https://www.youtube.com/watch?v=KZokQov_aH0&t=2044s		
"We look like a conservative I don't like it."	Dead Space	https://www.youtube.com/watch?v=KZokQov_aH0&t=2044s		
"9/10 for visuals. 9/10 for music. Gameplay, I don't know. Maybe a 7? There was too much game for this combat system. [...] Alright story, I'm sorry, it's a 2/10. This is a DOGSHIT story. I can't believe how bad it is."	Final Fantasy XVI	https://www.youtube.com/watch?v=KZokQov_aH0&t=2044s		
"I don't understand the critical reception this game has received. [...] The things reviewers have said about this game on major review sites are so gushing that it borders on being a parody of positivity."	Inside	https://www.youtube.com/watch?v=KZokQov_aH0&t=2044s		
"The game is rich with details like this in its' character models and world and it makes me have to ask, why wasn't gameplay and story given the same amount of care?”	Fallout 4	https://www.youtube.com/watch?v=KZokQov_aH0&t=2044s		
"'This game was heavily inspired by the movie Drive, please watch it.' I hate you Aniforprez. [...] Oh you don't know? I don't like Drive. I don't like the movie. Lili doesn't like it either."	Hotline Miami	https://www.youtube.com/watch?v=KZokQov_aH0&t=2044s		
"There are two bosses at the end of the game that are an extreme take on parts of the combat system. [...] You will learn how to parry in order to beat this boss, or you will not beat this boss."	Furi	https://www.youtube.com/watch?v=KZokQov_aH0&t=2044s		
"My name is Joseph Anderson and I have played X for almost 100 hours."	Fallout 76	https://www.youtube.com/watch?v=KZokQov_aH0&t=2044s		
"I'm so mad game. I'm so mad this could have been so good what the f-!"	Control	https://www.youtube.com/watch?v=KZokQov_aH0&t=2044s		
"Oh I heard the game was short but this is ridiculous."	Resident Evil 3	https://www.youtube.com/watch?v=KZokQov_aH0&t=2044s		
"Yea it doesn't seem as buggy. The more we're playing it doesn't seem as buggy as Fallout 76 but it's definitely buggier than Fallout 4 I think."	Cyberpunk2077	https://www.youtube.com/watch?v=KZokQov_aH0&t=2044s		
"This is bullshit. Hold on! [...] Hold the phone, wait, that card!"	Inscryption	https://www.youtube.com/watch?v=KZokQov_aH0&t=2044s		
"*bursts out laughing* THIS IS GOOD! What the fuck why didn't they do this halfway through! They're insane! What the fuck that's such a better dynamic!"	Forspoken	https://www.youtube.com/watch?v=KZokQov_aH0&t=2044s		
"X's bosses were not awful but they were definitely not a highlight. They tease the possibility of using their fighting arenas in cool ways but even when it happens it's not that impressive."	Ashen	https://www.youtube.com/watch?v=KZokQov_aH0&t=2044s		
"*reacts to character feeling upset* Aww... cuz you're the worst girl."	Persona 5	https://www.youtube.com/watch?v=KZokQov_aH0&t=2044s		
"Congratulations X for for doing better than a whole entire fucking team at Nintendo. *claps* He's obviously a genius. He made a mechanic, and get this, he used it more than once in a progressively complex way."	Celeste	https://www.youtube.com/watch?v=KZokQov_aH0&t=2044s		
"What my thoughts? It's ok. I'm not too keen on it I'm sorry I'm not enjoying it that much. I really like the monster design, I like the level design, visually it looks cool. [...] But I don't like the combat."	Monster Hunter: World	https://www.youtube.com/watch?v=KZokQov_aH0&t=2044s		
"I'm not a weeb. I'm not a weeb. I'm a weeb in training, and it takes...it takes decades, decades, to become a full-fledged weeb. Most start from birth!"	Danganronpa 2	https://www.youtube.com/watch?v=KZokQov_aH0&t=2044s		
"*continuous laughter* THE MUSIC! *keeps laughing*"	Deadly Premonition	https://www.youtube.com/watch?v=KZokQov_aH0&t=2044s		
"Okay this is straight up the dumbest thing in the game so far. The fact that it's programmed to even heal over after it happens. Just straight up the dumbest thing in the game so far, I honestly can't believe it."	Detroit: Become Human	https://www.youtube.com/watch?v=KZokQov_aH0&t=2044s		
"It was good, it was enjoyable in a way that it was a satisfying experience. But it wasn't fun, it was kinda frustrating, kinda stressful but that's the point, I don't think all games have to be fun."	Papers, Please	https://www.youtube.com/watch?v=KZokQov_aH0&t=2044s		
"This is unironically one of the most important games you can play. Unironically. I mean it, I mean it 100%. I really mean it. [...] I highly recommend that you don't because you're gonna get addicted to it."	Clicker Heroes	https://www.youtube.com/watch?v=KZokQov_aH0&t=2044s		
"Instead whenever you run out of time you simply die, and are sent back to your modest house that would still sell for over a million dollars in Toronto."	Minit	https://www.youtube.com/watch?v=KZokQov_aH0&t=2044s		
"I think that this is a decent to good game that could have used one more really focused pass of testing little things here and there."	Blasphemous	https://www.youtube.com/watch?v=KZokQov_aH0&t=2044s		
"HOW IS THAT NOT IT? HOW? How the fuck was that not it? That was so close, goddammit."	Outer Wilds	https://www.youtube.com/watch?v=KZokQov_aH0&t=2044s		
"Did he just infuse with the power of America, what the fuck is this?"	Metal Gear Rising	https://www.youtube.com/watch?v=KZokQov_aH0&t=2044s		
“*bashes chair on character* *gasps* Who? WHO?"	Half-Life 2	https://www.youtube.com/watch?v=KZokQov_aH0&t=2044s		
"My thoughts on the game are pretty messy. [...] Story is shit, I don't give a fuck. [...] This game has a huge issue with readability, and it fucks me off to think it's probably intentional."	Rabi-Ribi	https://www.youtube.com/watch?v=KZokQov_aH0&t=2044s		
"X is fantastic. One of my favorite releases of 2015 and one of the best puzzle games I have ever played. [...] The greatest success of X is how accessible it is without sacrificing complexity in its later stages."	Infinifactory	https://www.youtube.com/watch?v=KZokQov_aH0&t=2044s		
"And give everyone a show, what the fuck? *spit takes, bursts out laughing*"	13 Sentinels	https://www.youtube.com/watch?v=KZokQov_aH0&t=2044s		
"The game loves taking your powers away from you. Loves it! I've never played a game before that just loves to take your powers away more than this one."	Gravity Rush 2	https://www.youtube.com/watch?v=KZokQov_aH0&t=2044s		
"This didn't suck. But it wasn't great. Definitely the 2nd best one. Had some redeeming qualities, I liked some of the characters. The ending was insane. Overall, kind of aimless."	Life is Strange: True Colors	https://www.youtube.com/watch?v=KZokQov_aH0&t=2044s		
"WHAT IS IT ABOUT THE WEEBS ALWAYS HAVING A WORSE GAME? The grass is always browner on the other anime. What the fuck?"	Umineko	https://www.youtube.com/watch?v=KZokQov_aH0&t=2044s		
"I am of the opinion the X is a difficulty sandwich. I think some of the hardest encounters are at the beginning of the game, then it gets pretty easy for a while, then it gets really hard again at the end."	Sekiro: Shadows Die Twice	https://www.youtube.com/watch?v=KZokQov_aH0&t=2044s		
"ooooooh ho ho ho! OH DAMN! That was actually pretty good."	Life is Strange: Before the Storm	https://www.youtube.com/watch?v=KZokQov_aH0&t=2044s		
"I had a lot of fun being a complete massive psychopathic asshole. [...] Holy shit, just damn, I'm surprised at how much of a prick you can be through some of the options. It's really fun."	Persona 4 Golden	https://www.youtube.com/watch?v=KZokQov_aH0&t=2044s		
"*starts laughing* *keeps laughing* I'm pretty sure this is it. I'm pretty sure this is it. I think there is worse but I think this is what I had in my head when I was talking about the moment."	Fahrenheit: Indigo Prophecy	https://www.youtube.com/watch?v=KZokQov_aH0&t=2044s		
"So this is just a porn game without the porn huh? Okay. Does this game have a patch? You know what I'm talking about."	Helltaker	https://www.youtube.com/watch?v=KZokQov_aH0&t=2044s		
"Simon is not the smartest person in the world even though there's only like 5 people left."	Soma	https://www.youtube.com/watch?v=KZokQov_aH0&t=2044s		
"I don't really believe in writer's block."	Noita	https://www.youtube.com/watch?v=KZokQov_aH0&t=2044s		
"This is the game that never ends, yes it goes on and on- *starts laughing*"	Death Stranding	https://www.youtube.com/watch?v=KZokQov_aH0&t=2044s		
"Yea, I dunno. I like the idea of this game but I'm a little disappointed in it. It looked pretty good, parts of it were cheap. It didn't run very well. Could somebody tell me what the fuck the squirrel was then?"	Until Dawn	https://www.youtube.com/watch?v=KZokQov_aH0&t=2044s		
"Thoughts on the game? I thought that was pretty good. I enjoyed it. It had way more gameplay than I was expecting and it used its mechanics in ways that I found were interesting and surprising."	Gris	https://www.youtube.com/watch?v=KZokQov_aH0&t=2044s		
"If X was a movie or a TV mini-series to better match its length, then I think it would be pretty good. The gameplay sections don't detract from that so I think it's still great."	The Last of Us	https://www.youtube.com/watch?v=KZokQov_aH0&t=2044s		
"How many other game developers have you really heard of more than once? I'd wager that most gaming enthusiasts would struggle to name the same amount of game directors as the equivalent person could about film."	The Witness	https://www.youtube.com/watch?v=KZokQov_aH0&t=2044s		
 "Aww. I'm so bad man. I've killed every boss in this game without getting hit, with really basic bullshit weapons too. I'm so rusty. Past me is crying at how bad at this game I've become."	Enter the Gungeon	https://www.youtube.com/watch?v=KZokQov_aH0&t=2044s		
“and Francis- woah we're banned! OH GOD. What are we doing? Fucking hell man shit!"	Yakuza 0	https://www.youtube.com/watch?v=KZokQov_aH0&t=2044s		
"If your game has contact damage, then that means the act of enemies simply changing their movement also accounts as an attack, so it needs a telegraph."	Hollow Knight	https://www.youtube.com/watch?v=KZokQov_aH0&t=2044s		
"I like Jenny Nicholson. She's the one who did the Suicide Squad video right? Am I driving on the wrong side of the street? I am aren't I? We've already crashed-oh no oh no."	Eurotruck Simulator	https://www.youtube.com/watch?v=KZokQov_aH0&t=2044s		
"This was a pretty cool game. I liked it a lot. It's $20. It has quite a lot of levels, pretty cool mechanic. Overall I think it's a good game. But I'm more interested to see what they'll do in a sequel."	The Messenger	https://www.youtube.com/watch?v=KZokQov_aH0&t=2044s		
"Wow, did it actually delete all the data? Really? Oh shit - it really deleted it. That's cool. I like that, that's cool."	Nier; Automata	https://www.youtube.com/watch?v=KZokQov_aH0&t=2044s		
"The caveat is that I was 12 or more hours into the game and only now having to learn how to move X in the quickest possible way. That's how long the game took to test me on that and afterward it never happened again."	Super Mario Odyssey	https://www.youtube.com/watch?v=KZokQov_aH0&t=2044s		
"Oh well, the boobs are back. *laughs* [...] Oh no. Alright. Ok then. *sighs* Press O to activate the minigame? Oh. Oh we did it wrong. Damn hitting too close to home. *Achievement pops* *sighs*"	God of War	https://www.youtube.com/watch?v=KZokQov_aH0&t=2044s		
"Well she's not gonna be in X 2. [...] Nobody tell him. REALLY?"	Danganronpa 1	https://www.youtube.com/watch?v=KZokQov_aH0&t=2044s		
"If you're only halfway through, then perhaps you don't understand how I can say a game this outstandingly impressive can suck, believe me though, it does!"	Elden Ring	https://www.youtube.com/watch?v=KZokQov_aH0&t=2044s		
"These two are in a relationship? They have NO chemistry."	Catherine	https://www.youtube.com/watch?v=KZokQov_aH0&t=2044s		
"Why would I waste my time when it's clearly not a genre I like? That's sort of the point of this video. Surprisingly, I enjoyed my time with X, quite a lot actually."	Little Nightmares	https://www.youtube.com/watch?v=KZokQov_aH0&t=2044s		
"*gasps* We were Wuggy all along!"	Mortal Shell	https://www.youtube.com/watch?v=KZokQov_aH0&t=2044s		
"This is pretty good so far. [...] In terms of gameplay it's probably not a better introduction than Deus Ex but in terms of characters and what's going on it feels a bit better."	Vampire: Masquerade Bloodlines	https://www.youtube.com/watch?v=KZokQov_aH0&t=2044s		
"and so begins one of the best scenes I've played in a game in quite some time. Amazingly, there's an even better one in this game later. What makes this scene special is it works on many different levels."	God of War (2018)	https://www.youtube.com/watch?v=KZokQov_aH0&t=2044s		
"How are you guys not getting this? *laughs in frustration* How are you guys not getting this? X thinks he killed two people!" 	Persona 5	https://www.youtube.com/watch?v=KZokQov_aH0&t=2044s		
"I think this has run its course, I think we got a taste of what it is. I'm pretty impressed not gonna lie. This game definitely didn't rest on its laurels. [.] Instead they tried to do something new and it's better."	Darkest Dungeon II	https://www.youtube.com/watch?v=KZokQov_aH0&t=2044s		
"Alright, this was really good. I really enjoyed this game. I'd like to replay the original and see how it compares. Of all the X games we've streamed, this is by far the best."	Resident Evil 4 Remake	https://www.youtube.com/watch?v=KZokQov_aH0&t=2044s		
"I really enjoyed this, this is definitely something special. This is a really cool idea. The writing in this was very good, very purposeful, very artistic at the same time."	Hypnospace Outlaw	https://www.youtube.com/watch?v=KZokQov_aH0&t=2044s		
"Did he just wink?"	Detroit: Become Human	https://www.youtube.com/watch?v=KZokQov_aH0&t=2044s		
"*starts laughing* oh my god. ok your arm. *keeps laughing * alright let's just get one more!"	Bugsnax	https://www.youtube.com/watch?v=KZokQov_aH0&t=2044s		
"Lili, who is Vous? I keep hearing about vous all the time. She doesn't know what I'm talking about. Vous, that famous French composer, yanno? Why are French people always talking about vous? They say see Vous play!"	AI: The Somnium Files	https://www.youtube.com/watch?v=KZokQov_aH0&t=2044s		
"I love you? [...] Damn, RIP X. Oh friendzoned! Friendzone sword! *laughs*"	Xenoblade Chronicles 2	https://www.youtube.com/watch?v=KZokQov_aH0&t=2044s		
"As the game is now, even after a 2-year gap, I still couldn't stop myself from thinking "that was it?" when I was finished."	Subnautica	https://www.youtube.com/watch?v=KZokQov_aH0&t=2044s		
"The best things about the game are the boss fights and character creator. The core combat is above average. After that everything is average to bad. Bland enemies, bland environments."	Code Vein	https://www.youtube.com/watch?v=KZokQov_aH0&t=2044s		
"But I'm confident that this setup and twist was deliberately done and it really deserves a lot of praise. This scene actually made me feel a little uncomfortable, it's like X caught X with another woman."	Uncharted 4	https://www.youtube.com/watch?v=KZokQov_aH0&t=2044s		
"*starts laughing* X what the fuck are you doing? X what the fuck *keeps laughing* X NOOOOO *uncontrollable laughter*"	Starfield	https://www.youtube.com/watch?v=KZokQov_aH0&t=2044s		
"YESSSSSSSSS!!!! YES! YESSSSSSSSSS!!!!!! ALRIGHT LET'S GOOOO!!!!!!! LET'S GO!!!!!"	Half-Life 2	https://www.youtube.com/watch?v=KZokQov_aH0&t=2044s		
"*sighs* Weebs aren't you tired of this? How many more of this shit can there be? Oh my god. You know what, I'm in. [...] They're LITERALLY advertising to the whales *starts laughing*"	The Game Awards 2024	https://www.youtube.com/watch?v=KZokQov_aH0&t=2044s		
"Have you seen the guy writing a Joe quote on the subreddit every day until the Witcher 3 vi- YEA and I feel really bad, you have my blessing to stop. Like seriously. I'm really sorry. Like, legit guilty, I feel bad."	Balatro	https://www.youtube.com/watch?v=KZokQov_aH0&t=2044s		
"Alright we're done, see you guys later. This game's a complete piece of shit. This game makes no sense whatsoever. Alright, see you guys later. This game's garbage. This game's absolute garbage."	Danganronpa 1	https://www.youtube.com/watch?v=KZokQov_aH0&t=2044s		
"This is the coolest thing I've played an FPS in years. This is incredible. This is such a cool mechanic. Holy shit this is cool a cool mechanic. I want an entire game based around this mechanic."	Titanfall 2	https://www.youtube.com/watch?v=KZokQov_aH0&t=2044s		
"Oh this music's great, holy shit! This music's really good."	Hotline Miami	https://www.youtube.com/watch?v=KZokQov_aH0&t=2044s		
"There's no way we're making this jump. *pauses* I'm sitting here with my head in my hands. I'm double facepalming. I'm double-facepalming right now. Both hands are on my face right now. I don't wanna look at chat."	Hello Neighbor	https://www.youtube.com/watch?v=KZokQov_aH0&t=2044s		
"Shit I don't know what to do. I hate video games, there's so many decisions. There's so many decisions. Who likes making decisions?"	Balatro	https://www.youtube.com/watch?v=KZokQov_aH0&t=2044s		
"This game does meta better than any other game I've ever played."	Undertale	https://www.youtube.com/watch?v=KZokQov_aH0&t=2044s		
"When I lie in videos it's either for a harmless joke or to recreate the experience of playing the game for yourself."	The Witcher 1	https://www.youtube.com/watch?v=KZokQov_aH0&t=2044s		
"It's not a JOI request. What's that? I'm a man of culture. Thank you to uh... I prefer encouragement not instruction. *laughs* That's why I'm called JOE!"	Balatro	https://www.youtube.com/watch?v=KZokQov_aH0&t=2044s		
"OR the boss can go airborne and attack from afar and you can deflect the projectiles back instead of having to play Simon Says dodge roll and wait for them to land so it's your turn to attack."	Lies of P	https://www.youtube.com/watch?v=KZokQov_aH0&t=2044s		
"Eat it now. Eat it. Eat it X. What the fuck are you doing? He's turned his back, grab it! *pauses* I'm gonna blow a blood vessel. *deep breaths*"	Life is Strange: Double Exposure	https://www.youtube.com/watch?v=KZokQov_aH0&t=2044s		
"This feels like a puzzle game to me. It feels like single player chess with each turn scrambling the variables into a puzzle."	Into the Breach	https://www.youtube.com/watch?v=KZokQov_aH0&t=2044s		
"I have never played a game before that made me change my mind on its quality as much as this one did. At the beginning I hated it. A few hours later I was loving it. Then hating it again. Then apathy, then loving it."	Dragon's Dogma	https://www.youtube.com/watch?v=KZokQov_aH0&t=2044s		
“What do you mean HE HAS DEMANDS?”	Nine Sols	https://www.youtube.com/watch?v=KZokQov_aH0&t=2044s		
"Quote-chan is hot as fuck. THERE'S A QUOTE-CHAN?"	Astro Bot	https://www.youtube.com/watch?v=KZokQov_aH0&t=2044s		