Type	Date	Game
Video	Mon, 09/07/2015	Dark Souls Critique - Part One
Video	Tue, 09/08/2015	Dark Souls Critique - Part Two
Video	Tue, 09/08/2015	Dark Souls Critique - Part Three
Video	Tue, 09/08/2015	Dark Souls Critique - Part Four
Video	Tue, 09/08/2015	Dark Souls Critique - Part Five
Video	Mon, 09/14/2015	ActRaiser - A Critique of the Original - For True Fans Only
Video	Fri, 10/02/2015	Diablo 3 and Reaper of Souls Critique
Video	Mon, 10/12/2015	Dungeon Keeper
Video	Sat, 10/31/2015	Hearthstone - The Good, The Bad, and the Ugly
Video	Fri, 11/06/2015	The Openings of Fallout 3 and New Vegas
Video	Tue, 11/10/2015	Anno 2205 Review -- One small step forward, One small step back
Video	Sat, 11/28/2015	Fallout 4 Analysis
Video	Wed, 12/23/2015	Dark Souls 2 - Series Strengths and Sequel Changes
Video	Wed, 12/30/2015	Dark Souls 2 - Level Design and Bosses
Video	Wed, 01/06/2016	Dark Souls 2 - DLC Levels and Bosses
Video	Tue, 01/12/2016	Infinifactory
Video	Sat, 01/23/2016	Tomb Raider Critique
Video	Wed, 02/03/2016	Darkest Dungeon Review and Critique
Video	Thu, 02/18/2016	Rise of the Tomb Raider Critique
Video	Thu, 02/25/2016	Should You Play: Factorio
Video	Wed, 03/09/2016	Dragon's Dogma
Video	Wed, 03/23/2016	Stardew Valley Review
Video	Thu, 03/31/2016	The Witness - A Great Game That You Shouldn't Play
Video	Wed, 04/20/2016	Bloodborne - Series Strengths and Sequel Changes
Video	Tue, 04/26/2016	Bloodborne - Commentary and Critique
Video	Fri, 04/29/2016	Bloodborne - Chalice Dungeons, and The Old Hunters
Video	Mon, 06/06/2016	Uncharted and The Last of Us - Great and Terrible Games
Video	Tue, 07/05/2016	Uncharted 4 Gameplay Critique
Video	Tue, 07/19/2016	Uncharted 4 - The Best Story in the Series
Video	Sat, 09/17/2016	Dark Souls 3 Critique
Video	Mon, 09/26/2016	An INSIDE Joke (Inside Review)
Video	Sat, 10/01/2016	Joseph Anderson Vs No Man's Sky
Video	Sun, 10/23/2016	Three Games to Refund No Man's Sky For
Video	Sat, 10/29/2016	Furi Review
Video	Sat, 11/12/2016	A Critique of SOMA
Video	Sat, 11/26/2016	Ashes of Ariandel Review (Dark Souls 3 DLC)
Video	Fri, 01/20/2017	Fallout 4 - One Year Later
Video	Sat, 04/15/2017	Breath of the Wild - Not Enough Zelda
Video	Thu, 06/01/2017	Little Nightmares, and The Importance of the Experience
Video	Sat, 06/10/2017	The Ringed City Review (Dark Souls 3 DLC)
Video	Sat, 07/01/2017	The Lion, the Witcher, and the Patreon
Video	Sun, 07/09/2017	The Villain of Edith Finch
Video	Fri, 08/11/2017	Prey - A Critique of the Mind Game
Video	Sun, 09/24/2017	Hollow Knight Critique
Video	Sat, 09/30/2017	Cuphead - A Modest Tutorial
Video	Sat, 09/30/2017	Hollow Knight
Stream	Mon, 10/02/2017	Cuphead
Stream	Tue, 10/03/2017	Hob
Stream	Wed, 10/04/2017	Hob
Stream	Fri, 10/06/2017	A Hat in Time
Stream	Sun, 10/08/2017	Enter the Gungeon
Stream		Ruiner
	Mon, 10/09/2017	Dr. Langeskov, The Tiger, and The Terribly Cursed Emerald: A Whirlwind Heist
Stream		Ruiner
	Tue, 10/10/2017	Shovel Knight: Shovel of Hope
Stream	Thu, 10/12/2017	NieR:Automata
Stream	Fri, 10/13/2017	NieR:Automata
Stream	Sat, 10/14/2017	NieR:Automata
Stream	Sun, 10/15/2017	NieR:Automata
Stream	Mon, 10/16/2017	NieR:Automata
Stream	Tue, 10/17/2017	NieR:Automata
Stream		Mark of the Ninja
	Fri, 10/20/2017	The Evil Within
Stream	Sat, 10/21/2017	The Evil Within
Stream	Sun, 10/22/2017	The Evil Within
Stream	Mon, 10/23/2017	The Evil Within
Stream	Tue, 10/24/2017	The Evil Within 2
Stream	Wed, 10/25/2017	The Evil Within 2
Stream	Thu, 10/26/2017	Stephen's Sausage Roll - The Best Puzzle Game I've Played
Video	Thu, 10/26/2017	The Evil Within 2
Stream	Fri, 10/27/2017	Super Mario Odyssey
Stream	Sat, 10/28/2017	Super Mario Odyssey
Stream	Sun, 10/29/2017	Super Mario Odyssey
Stream	Mon, 10/30/2017	Super Mario Odyssey
Stream	Tue, 10/31/2017	Resident Evil 7
Stream	Wed, 11/01/2017	Resident Evil 7
Stream		The Evil Within 2
	Thu, 11/02/2017	The Evil Within 2
Stream	Thu, 11/02/2017	Opus Magnum
Stream		Oxygen Not Included
	Fri, 11/03/2017	The Evil Within 2
Stream		Hyper Light Drifter
	Sat, 11/04/2017	Hyper Light Drifter
Stream	Sun, 11/05/2017	Assassin's Creed Origins
Stream	Mon, 11/06/2017	The Stanley Parable
Stream	Tue, 11/07/2017	Nioh
Stream	Wed, 11/08/2017	They Are Billions
Stream		Hotline Miami
	Thu, 11/09/2017	Hob Critique - It's Like Zelda
Video	Thu, 11/09/2017	Nioh
Stream	Fri, 11/10/2017	Nioh
Stream	Sat, 11/11/2017	Nioh
Stream	Sun, 11/12/2017	Nioh
Stream	Mon, 11/13/2017	Titanfall 2
Stream	Tue, 11/14/2017	Nioh
Stream	Tue, 11/14/2017	They Are Billions
Stream	Thu, 11/16/2017	Nioh
Stream	Fri, 11/17/2017	Nioh
Stream	Sat, 11/18/2017	Nioh
Stream	Sun, 11/19/2017	Nioh
Stream	Mon, 11/20/2017	Nioh
Stream	Mon, 11/20/2017	Oxygen Not Included
Stream	Tue, 11/21/2017	Undertale
Stream	Wed, 11/22/2017	Undertale
Stream	Fri, 11/24/2017	Undertale
Stream	Sat, 11/25/2017	They Are Billions
Stream		Stardew Valley
	Sun, 11/26/2017	Darkwood
Stream	Mon, 11/27/2017	Darkwood
Stream	Wed, 11/29/2017	Stardew Valley
Stream	Wed, 11/29/2017	Stardew Valley
Stream	Thu, 11/30/2017	Super Mario Galaxy
Stream	Thu, 11/30/2017	Super Mario Galaxy 2
Stream	Fri, 12/01/2017	Xenoblade Chronicles 2
Stream	Sat, 12/02/2017	Xenoblade Chronicles 2
Stream	Sun, 12/03/2017	Xenoblade Chronicles 2
Stream	Mon, 12/04/2017	Doki Doki Literature Club!
Stream	Wed, 12/06/2017	Xenoblade Chronicles 2
Stream	Thu, 12/07/2017	Xenoblade Chronicles 2
Stream	Thu, 12/07/2017	2017 Game Awards
Stream	Fri, 12/08/2017	Breath of the Wild DLC 2
Stream	Fri, 12/08/2017	Breath of the Wild DLC 2
Stream		Hello Neighbor
	Sat, 12/09/2017	Xenoblade Chronicles 2
Stream	Mon, 12/11/2017	Metal Gear Rising: Revengeance
Stream	Wed, 12/13/2017	Xenoblade Chronicles 2
Stream	Thu, 12/14/2017	Xenoblade Chronicles 2
Stream	Fri, 12/15/2017	Xenoblade Chronicles 2
Stream	Sat, 12/16/2017	Xenoblade Chronicles 2
Stream	Mon, 12/18/2017	Antichamber
Stream	Tue, 12/19/2017	How Long Did You Spend Watching the "You Got A Moon!" Animation During Mario Odyssey?
Video	Tue, 12/19/2017	Xenoblade Chronicles 2
Stream	Wed, 12/20/2017	Xenoblade Chronicles 2
Stream	Wed, 12/20/2017	Clicker Heroes
Stream	Sat, 12/23/2017	Xenoblade Chronicles 2
Stream	Sun, 12/24/2017	They Are Billions
Stream	Sun, 12/24/2017	Don't Starve
Stream	Mon, 12/25/2017	Gorogoa
Stream		Getting Over It
	Wed, 12/27/2017	Getting Over It
Stream	Thu, 12/28/2017	They Are Billions
Stream	Fri, 12/29/2017	Getting Over It
Stream		They Are Billions
	Sun, 12/31/2017	Getting Over It
Stream	Tue, 01/02/2018	The Beginner's Guide
Stream		Getting Over It
	Wed, 01/03/2018	Don't Starve
Stream		Recettear
	Thu, 01/04/2018	Recettear
Stream	Fri, 01/05/2018	Recettear
Stream	Tue, 01/09/2018	Terraria
Stream	Wed, 01/10/2018	Recettear
Stream	Thu, 01/11/2018	Recettear
Stream	Thu, 01/11/2018	Super Mario Odyssey - It's No Masterpiece
Video	Fri, 01/12/2018	Terraria
Stream	Sat, 01/13/2018	Terraria
Stream	Sun, 01/14/2018	LISA: The Painful
Stream	Mon, 01/15/2018	LISA: The Painful
Stream	Wed, 01/17/2018	LISA: The Painful
Stream	Thu, 01/18/2018	Terraria
Stream	Fri, 01/19/2018	Terraria
Stream	Sat, 01/20/2018	Terraria
Stream	Sun, 01/21/2018	Terraria
Stream	Tue, 01/23/2018	Iconoclasts
Stream	Tue, 01/23/2018	Subnautica
Stream	Wed, 01/24/2018	Subnautica
Stream	Thu, 01/25/2018	Subnautica
Stream	Thu, 01/25/2018	Monster Hunter: World
Stream	Fri, 01/26/2018	Monster Hunter: World
Stream	Sat, 01/27/2018	Monster Hunter: World
Stream	Sun, 01/28/2018	Subnautica
Stream	Sun, 01/28/2018	Factorio
Stream	Tue, 01/30/2018	Subnautica
Stream	Wed, 01/31/2018	Subnautica
Stream	Thu, 02/01/2018	Terraria
Stream	Fri, 02/02/2018	Celeste
Stream	Sat, 02/03/2018	Celeste
Stream	Tue, 02/06/2018	Papers, Please
Stream	Wed, 02/07/2018	Shadow of the Colossus
Stream	Thu, 02/08/2018	Celeste
Stream	Tue, 02/13/2018	Celeste
Stream	Wed, 02/14/2018	Persona 5
Stream	Thu, 02/15/2018	Persona 5
Stream	Fri, 02/16/2018	Persona 5
Stream	Sat, 02/17/2018	Persona 5
Stream	Tue, 02/20/2018	Persona 5
Stream	Wed, 02/21/2018	Persona 5
Stream	Thu, 02/22/2018	Persona 5
Stream	Fri, 02/23/2018	DOOM 2016
Stream	Sat, 02/24/2018	Persona 5
Stream	Tue, 02/27/2018	Persona 5
Stream	Wed, 02/28/2018	Persona 5
Stream	Fri, 03/02/2018	Persona 5
Stream	Sat, 03/03/2018	Persona 5
Stream	Sat, 03/03/2018	Clicker Heroes
Stream	Tue, 03/06/2018	Persona 5
Stream	Wed, 03/07/2018	Persona 5
Stream	Thu, 03/08/2018	Persona 5
Stream	Fri, 03/09/2018	Persona 5
Stream	Sat, 03/10/2018	Persona 5
Stream	Wed, 03/14/2018	Persona 5
Stream	Thu, 03/15/2018	Persona 5
Stream	Sat, 03/17/2018	A Critique of Subnautica
Video	Sat, 03/17/2018	Persona 5
Stream	Sun, 03/18/2018	Persona 5
Stream	Tue, 03/20/2018	Persona 5
Stream	Thu, 03/22/2018	Persona 5
Stream	Fri, 03/23/2018	Persona 5
Stream	Sat, 03/24/2018	Persona 5
Stream	Tue, 03/27/2018	Persona 5
Stream	Wed, 03/28/2018	Persona 5
Stream	Thu, 03/29/2018	Persona 5
Stream	Fri, 03/30/2018	Persona 5
Stream	Sat, 03/31/2018	Clicker Heroes
Stream	Sun, 04/01/2018	A Literary Analysis of Google Chrome's T-Rex Runner
Video	Thu, 04/12/2018	DOOM 2016
Stream	Sat, 04/14/2018	Minit Review
Video	Mon, 04/16/2018	God of War
Stream	Tue, 04/17/2018	God of War
Stream	Tue, 04/17/2018	God of War 2
Stream	Wed, 04/18/2018	God of War 2
Stream	Wed, 04/18/2018	God of War 3
Stream	Thu, 04/19/2018	God of War 3
Stream	Fri, 04/20/2018	God of War 2018
Stream	Sat, 04/21/2018	God of War 2018
Stream	Sat, 04/21/2018	God of War 2018
Stream	Sun, 04/22/2018	God of War 2018
Stream	Sun, 04/22/2018	God of War 2018
Stream	Sun, 04/29/2018	God of Stuck in the Room
Video	Sun, 04/29/2018	Highlights! Celeste
Video	Mon, 04/30/2018	Clicker Heroes
Stream	Thu, 05/03/2018	Clicker Heroes
Stream	Mon, 05/28/2018	DARK SOULS: REMASTERED
Stream	Tue, 05/29/2018	Moonlighter
Stream	Sat, 06/02/2018	DOOM 2016
Stream	Fri, 06/29/2018	Highlights! God of War
Video	Sat, 06/30/2018	House Flipper
Stream	Mon, 07/02/2018	House Flipper
Stream	Thu, 07/05/2018	Euro Truck Simulator 2
Stream	Sat, 07/07/2018	Euro Truck Simulator 2
Stream	Sat, 07/07/2018	Euro Truck Simulator 2
Stream	Mon, 07/09/2018	Prey: Mooncrash
Stream	Fri, 07/13/2018	Prey: Mooncrash
Stream	Sun, 07/15/2018	Prey: Mooncrash
Stream	Mon, 07/16/2018	Danganronpa
Stream	Tue, 07/17/2018	Danganronpa
Stream	Thu, 07/19/2018	Danganronpa
Stream	Fri, 07/20/2018	Danganronpa
Stream	Sat, 07/21/2018	Danganronpa
Stream	Sun, 07/22/2018	Danganronpa
Stream	Tue, 07/24/2018	Danganronpa
Stream	Wed, 07/25/2018	Danganronpa
Stream	Fri, 07/27/2018	Factorio
Stream	Sat, 07/28/2018	Factorio
Stream	Wed, 08/29/2018	Stardew Valley
Stream	Thu, 08/30/2018	God of War - Almost a Masterpiece
Video	Fri, 08/31/2018	Two Point Hospital
Stream	Sat, 09/01/2018	The Messenger
Stream	Sun, 09/02/2018	Bayonetta
Stream	Mon, 09/03/2018	Bayonetta
Stream	Tue, 09/04/2018	The Messenger
Stream	Wed, 09/05/2018	The Messenger
Stream	Fri, 09/07/2018	Spider-Man
Stream	Fri, 09/07/2018	Stardew Valley
Stream	Sat, 09/08/2018	Stardew Valley
Stream	Sun, 09/09/2018	Stardew Valley
Stream	Mon, 09/10/2018	Stardew Valley
Stream	Wed, 09/12/2018	Danganronpa 2
Stream	Thu, 09/13/2018	Danganronpa 2
Stream	Fri, 09/14/2018	Danganronpa 2
Stream	Sat, 09/15/2018	Danganronpa 2
Stream	Mon, 09/17/2018	Danganronpa 2
Stream	Tue, 09/18/2018	Danganronpa 2
Stream	Wed, 09/19/2018	Danganronpa 2
Stream	Thu, 09/20/2018	Danganronpa 2
Stream	Fri, 09/21/2018	Danganronpa 2
Stream	Sat, 09/22/2018	Danganronpa 2
Stream	Sat, 09/29/2018	Stardew Valley
Stream	Mon, 10/01/2018	Stardew Valley
Stream	Fri, 10/05/2018	Until Dawn
Stream	Sat, 10/06/2018	Until Dawn
Stream	Sun, 10/07/2018	Silent Hill
Stream	Mon, 10/08/2018	Silent Hill
Stream	Wed, 10/10/2018	Silent Hill 2
Stream	Thu, 10/11/2018	Silent Hill 2
Stream	Fri, 10/12/2018	Silent Hill 2
Stream	Tue, 10/23/2018	I Have No Mouth, and I Must Scream
Stream	Wed, 10/24/2018	Alien Isolation
Stream	Thu, 10/25/2018	Alien Isolation
Stream	Fri, 10/26/2018	Alien Isolation
Stream	Sat, 10/27/2018	Red Dead Redemption 2
Stream	Sun, 10/28/2018	Alien Isolation
Stream	Thu, 11/01/2018	Why Horror Games Don't Scare Me
Video	Thu, 11/01/2018	Danganronpa V3
Stream	Fri, 11/02/2018	Danganronpa V3
Stream	Sat, 11/03/2018	Danganronpa V3
Stream	Sun, 11/04/2018	Danganronpa V3
Stream	Sun, 11/04/2018	V3 Gambling
Stream	Mon, 11/05/2018	V3 Gambling
Stream	Tue, 11/06/2018	Danganronpa V3
Stream	Thu, 11/08/2018	Danganronpa V3
Stream	Fri, 11/09/2018	Danganronpa V3
Stream	Sun, 11/11/2018	Danganronpa V3
Stream	Sun, 11/11/2018	Fallout 76 - The Bear
Video	Mon, 11/12/2018	Danganronpa V3
Stream	Tue, 11/13/2018	Danganronpa V3
Stream	Thu, 11/15/2018	Danganronpa V3
Stream	Fri, 11/16/2018	Danganronpa V3
Stream	Sat, 11/17/2018	Danganronpa V3
Stream	Sun, 11/25/2018	Subjectivity is Implied
Video	Wed, 11/28/2018	Stardew Valley
Stream	Wed, 12/05/2018	Enter the Gungeon
Stream	Thu, 12/06/2018	2018 Game Awards
Stream	Wed, 12/12/2018	Ashen
Stream	Thu, 12/13/2018	Ashen
Stream	Fri, 12/14/2018	Ashen
Stream	Sat, 12/15/2018	Ashen
Stream	Mon, 12/17/2018	Ashen
Stream	Tue, 12/18/2018	Ashen
Stream	Wed, 12/19/2018	Gris
Stream	Thu, 12/20/2018	Below
Stream	Wed, 12/26/2018	Persona 5 - Best Stream Moments
Video	Mon, 12/31/2018	Ashen Review and Critique
Video	Tue, 01/01/2019	Path of Exile
Stream	Wed, 01/02/2019	Path of Exile
Stream	Fri, 01/04/2019	DUSK
Stream	Sat, 01/05/2019	DUSK
Stream	Sun, 01/06/2019	DUSK
Stream	Tue, 01/08/2019	DUSK
Stream	Tue, 01/08/2019	Path of Exile
Stream	Wed, 01/09/2019	Into the Breach
Stream	Thu, 01/10/2019	Into the Breach
Stream	Fri, 01/11/2019	Path of Exile
Stream	Sat, 01/12/2019	Into the Breach
Stream	Sun, 01/13/2019	Into the Breach
Stream	Fri, 01/18/2019	Path of Exile
Stream	Sun, 01/20/2019	Into the Breach
Stream	Mon, 01/21/2019	FTL: Faster Than Light
Stream	Tue, 01/22/2019	FTL: Faster Than Light
Stream	Wed, 01/23/2019	FTL: Faster Than Light
Stream	Thu, 01/24/2019	Catherine
Stream	Fri, 01/25/2019	Catherine
Stream	Sat, 01/26/2019	Catherine
Stream	Sun, 01/27/2019	Catherine
Stream	Mon, 01/28/2019	Catherine
Stream	Sat, 02/02/2019	Joseph Anderson Vs Fallout 76
Video	Sun, 02/03/2019	Resident Evil 2 Remake
Stream	Mon, 02/04/2019	Resident Evil 2 Remake
Stream	Thu, 02/07/2019	Resident Evil 2 Remake
Stream	Sat, 02/09/2019	Resident Evil 2 Remake
Stream	Sun, 02/10/2019	Resident Evil 2 Remake
Stream	Mon, 02/11/2019	Resident Evil 2 Remake
Stream	Wed, 02/13/2019	The 1001 Glitches of Fallout 76
Video	Wed, 02/13/2019	FTL: Faster Than Light
Stream	Thu, 02/14/2019	FTL: Faster Than Light
Stream	Fri, 02/15/2019	Slay the Spire
Stream	Sun, 02/17/2019	Slay the Spire
Stream	Mon, 02/18/2019	Slay the Spire
Stream	Tue, 02/19/2019	Slay the Spire
Stream	Wed, 02/20/2019	Slay the Spire
Stream	Thu, 02/21/2019	Portal
Stream		Portal 2
	Fri, 02/22/2019	Portal 2
Stream	Mon, 02/25/2019	Into the Breach
Stream	Sat, 03/02/2019	FTL: Faster Than Light
Stream	Sun, 03/03/2019	Wargroove
Stream	Sat, 03/09/2019	January + February 2019 Q&A
Video	Tue, 04/30/2019	Hollow Knight DLC - Swansong for Silksong
Video	Sun, 05/05/2019	A Review of Forager
Video	Thu, 06/06/2019	A Critique of A Plague Tale: Innocence
Video	Sun, 06/09/2019	E3 2019
Stream	Sun, 06/09/2019	E3 2019
Stream	Mon, 06/10/2019	E3 2019
Stream	Mon, 06/10/2019	E3 2019
Stream	Tue, 06/11/2019	E3 2019
Stream	Sun, 06/30/2019	Return of the Obra Dinn - Hopefully a Classic
Video	Mon, 08/26/2019	Remnant: From The Ashes
Stream	Tue, 08/27/2019	Control
Stream	Sat, 08/31/2019	Control
Stream	Tue, 09/03/2019	Control
Stream	Wed, 09/04/2019	Control
Stream	Thu, 09/05/2019	Control
Stream	Tue, 09/10/2019	GreedFall
Stream	Wed, 09/11/2019	Blasphemous
Stream	Thu, 09/12/2019	Blasphemous
Stream	Tue, 09/17/2019	Blasphemous
Stream	Wed, 09/18/2019	Blasphemous
Stream	Thu, 09/19/2019	Celeste DLC
Stream	Fri, 09/20/2019	Children of Morta
Stream	Tue, 09/24/2019	The Surge 2
Stream	Wed, 09/25/2019	Celeste DLC
Stream	Thu, 09/26/2019	Noita
Stream	Fri, 09/27/2019	Children of Morta
Stream	Tue, 10/01/2019	CODE VEIN
Stream	Wed, 10/02/2019	Untitled Goose Game
Stream		Noita
	Thu, 10/03/2019	CODE VEIN
Stream	Fri, 10/04/2019	The Binding of Isaac
Stream	Tue, 10/08/2019	CODE VEIN
Stream	Wed, 10/09/2019	CODE VEIN
Stream	Thu, 10/10/2019	CODE VEIN
Stream	Fri, 10/11/2019	The Binding of Isaac
Stream	Tue, 10/15/2019	CODE VEIN
Stream	Thu, 10/17/2019	CODE VEIN
Stream	Fri, 10/18/2019	The Binding of Isaac
Stream	Tue, 10/22/2019	CODE VEIN
Stream	Wed, 10/23/2019	CODE VEIN
Stream	Thu, 10/24/2019	CODE VEIN
Stream	Fri, 10/25/2019	Noita
Stream	Tue, 10/29/2019	Katana Zero
Stream	Wed, 10/30/2019	The Outer Worlds
Stream	Thu, 10/31/2019	The Outer Worlds
Stream	Fri, 11/01/2019	The End is Nigh
Stream	Tue, 11/05/2019	Devil May Cry 5
Stream	Wed, 11/06/2019	Devil May Cry 5
Stream	Thu, 11/07/2019	Devil May Cry 5
Stream	Fri, 11/08/2019	Death Stranding
Stream	Sat, 11/09/2019	Death Stranding
Stream	Sat, 11/09/2019	Stardew Valley
Stream	Sun, 11/10/2019	Death Stranding
Stream	Mon, 11/11/2019	Death Stranding
Stream	Tue, 11/12/2019	Death Stranding
Stream	Thu, 11/14/2019	Death Stranding
Stream	Sat, 11/16/2019	Stardew Valley
Stream	Fri, 11/22/2019	Stardew Valley
Stream	Tue, 11/26/2019	Jedi: Fallen Order
Stream	Wed, 11/27/2019	Jedi: Fallen Order
Stream	Thu, 11/28/2019	Jedi: Fallen Order
Stream	Tue, 12/03/2019	Jedi: Fallen Order
Stream	Wed, 12/04/2019	Jedi: Fallen Order
Stream	Thu, 12/05/2019	Jedi: Fallen Order
Stream	Sat, 12/07/2019	Minecraft
Stream	Tue, 12/10/2019	Jedi: Fallen Order
Stream	Wed, 12/11/2019	Jedi: Fallen Order
Stream	Thu, 12/12/2019	Jedi: Fallen Order
Stream	Thu, 12/12/2019	2019 Game Awards
Stream	Fri, 12/13/2019	The First Annual Chan of the Year Award
Video	Sat, 12/14/2019	Minecraft
Stream	Tue, 12/17/2019	Disco Elysium
Stream	Wed, 12/18/2019	Disco Elysium
Stream	Thu, 12/19/2019	Disco Elysium
Stream	Tue, 12/24/2019	Jump King
Stream	Tue, 12/24/2019	Highlights! Recettear: An Item Shop's Tale
Video	Thu, 12/26/2019	Hades
Stream	Sat, 12/28/2019	Minecraft
Stream	Tue, 12/31/2019	Hades
Stream		Jump King
	Thu, 01/02/2020	Jump King
Stream	Sat, 01/04/2020	Jump King
Stream	Tue, 01/07/2020	Disco Elysium
Stream	Wed, 01/08/2020	Disco Elysium
Stream	Thu, 01/09/2020	Disco Elysium
Stream	Tue, 01/14/2020	Disco Elysium
Stream	Wed, 01/15/2020	Disco Elysium
Stream	Thu, 01/16/2020	Disco Elysium
Stream	Sat, 01/18/2020	Hades
Stream	Tue, 01/21/2020	Disco Elysium
Stream	Thu, 01/23/2020	Disco Elysium
Stream	Tue, 01/28/2020	Disco Elysium
Stream	Wed, 01/29/2020	Disco Elysium
Stream	Thu, 01/30/2020	Disco Elysium
Stream	Tue, 02/04/2020	Disco Elysium
Stream	Wed, 02/05/2020	Disco Elysium
Stream	Thu, 02/06/2020	Disco Elysium
Stream	Mon, 04/06/2020	The Witcher Critique - The Beginning of a Monster
Video	Wed, 04/15/2020	Resident Evil 3 Remake
Stream	Thu, 04/16/2020	Resident Evil 3 Remake
Stream	Fri, 04/17/2020	DOOM Eternal
Stream	Sat, 04/18/2020	DOOM Eternal
Stream	Sun, 04/19/2020	DOOM Eternal
Stream	Mon, 04/20/2020	DOOM Eternal
Stream	Thu, 06/11/2020	PS5 Event
Stream	Sat, 06/13/2020	2020 PC Gaming Show
Stream	Tue, 08/11/2020	The Witcher 2 Commentary - A Grand Experiment
Video	Tue, 08/18/2020	Mortal Shell
Stream	Wed, 08/19/2020	Mortal Shell
Stream	Thu, 08/20/2020	Outer Wilds
Stream	Fri, 08/21/2020	Outer Wilds
Stream	Sat, 08/22/2020	Outer Wilds
Stream	Sun, 08/23/2020	Outer Wilds
Stream	Tue, 09/01/2020	Hellpoint
Stream	Wed, 09/02/2020	Ace Attorney
Stream	Thu, 09/03/2020	Ace Attorney
Stream	Fri, 09/04/2020	Ace Attorney
Stream	Tue, 09/08/2020	Ace Attorney
Stream	Wed, 09/09/2020	Ace Attorney
Stream	Thu, 09/10/2020	Ace Attorney
Stream	Fri, 09/11/2020	Ace Attorney
Stream	Tue, 09/15/2020	Ace Attorney
Stream	Wed, 09/16/2020	Ace Attorney
Stream	Fri, 09/18/2020	DELTARUNE
Stream	Tue, 09/22/2020	Ace Attorney 2
Stream	Wed, 09/23/2020	Ace Attorney 2
Stream	Thu, 09/24/2020	Ace Attorney 2
Stream	Fri, 09/25/2020	Ace Attorney 2
Stream	Tue, 09/29/2020	Ace Attorney 2
Stream	Wed, 09/30/2020	Ace Attorney 2
Stream	Thu, 10/01/2020	Ace Attorney 2
Stream	Tue, 10/06/2020	Yakuza 0
Stream	Wed, 10/07/2020	Yakuza 0
Stream	Thu, 10/08/2020	Yakuza 0
Stream	Fri, 10/09/2020	Yakuza 0
Stream	Mon, 10/19/2020	Genshin Impact
Stream	Tue, 10/20/2020	Yakuza 0
Stream	Tue, 10/20/2020	Genshin Impact
Stream	Wed, 10/21/2020	Yakuza 0
Stream	Thu, 10/22/2020	Yakuza 0
Stream	Fri, 10/23/2020	Yakuza 0
Stream	Tue, 10/27/2020	Yakuza 0
Stream	Wed, 10/28/2020	Yakuza 0
Stream	Thu, 10/29/2020	Yakuza 0
Stream	Fri, 10/30/2020	Yakuza 0
Stream	Tue, 11/03/2020	Yakuza 0
Stream	Wed, 11/04/2020	Yakuza 0
Stream	Thu, 11/05/2020	Yakuza 0
Stream	Fri, 11/06/2020	Yakuza 0
Stream	Tue, 11/10/2020	Yakuza 0
Stream	Wed, 11/11/2020	Yakuza 0
Stream	Thu, 11/12/2020	Bugsnax
Stream	Fri, 11/13/2020	Bugsnax
Stream	Tue, 11/17/2020	Bugsnax
Stream	Wed, 11/18/2020	Yakuza 0
Stream	Thu, 11/19/2020	Yakuza 0
Stream	Fri, 11/20/2020	Yakuza 0
Stream	Tue, 12/01/2020	Ace Attorney 3
Stream	Wed, 12/02/2020	Ace Attorney 3
Stream	Thu, 12/03/2020	Ace Attorney 3
Stream	Fri, 12/04/2020	Ace Attorney 3
Stream	Mon, 12/07/2020	Ace Attorney 3
Stream	Tue, 12/08/2020	Ace Attorney 3
Stream	Wed, 12/09/2020	Ace Attorney 3
Stream	Thu, 12/10/2020	Cyberpunk 2077
Stream	Thu, 12/10/2020	2020 Game Awards
Stream	Tue, 12/15/2020	Fahrenheit: Indigo Prophecy
Stream		Helltaker
	Wed, 12/16/2020	Fahrenheit: Indigo Prophecy
Stream	Thu, 12/17/2020	Fahrenheit: Indigo Prophecy
Stream	Fri, 12/18/2020	Heavy Rain
Stream	Tue, 12/22/2020	Heavy Rain
Stream	Wed, 12/23/2020	Beyond: Two Souls
Stream	Tue, 12/29/2020	Beyond: Two Souls
Stream	Wed, 12/30/2020	Beyond: Two Souls
Stream	Thu, 12/31/2020	Detroit: Become Human
Stream	Fri, 01/01/2021	Detroit: Become Human
Stream	Tue, 01/05/2021	Detroit: Become Human
Stream	Wed, 01/06/2021	Detroit: Become Human
Stream	Thu, 01/07/2021	Detroit: Become Human
Stream	Tue, 01/12/2021	Vampire: the Masquerade - Bloodlines
Stream	Wed, 01/13/2021	Vampire: the Masquerade - Bloodlines
Stream	Thu, 01/14/2021	Vampire: the Masquerade - Bloodlines
Stream	Fri, 01/15/2021	Vampire: the Masquerade - Bloodlines
Stream	Tue, 01/19/2021	Vampire: the Masquerade - Bloodlines
Stream	Wed, 01/20/2021	Vampire: the Masquerade - Bloodlines
Stream	Thu, 01/21/2021	HITMAN 3
Stream	Tue, 01/26/2021	HITMAN 3
Stream	Wed, 01/27/2021	Vampire: the Masquerade - Bloodlines
Stream	Thu, 01/28/2021	Vampire: the Masquerade - Bloodlines
Stream	Fri, 01/29/2021	HITMAN 3
Stream	Tue, 02/02/2021	HITMAN 3
Stream	Wed, 02/03/2021	HITMAN 3
Stream	Thu, 02/04/2021	HITMAN 3
Stream	Fri, 02/05/2021	HITMAN 3
Stream	Sun, 02/14/2021	Marble Races
Stream	Tue, 02/16/2021	Marble Races
Stream	Tue, 02/23/2021	Persona 4 Golden
Stream	Wed, 02/24/2021	Persona 4 Golden
Stream	Thu, 02/25/2021	Persona 4 Golden
Stream	Fri, 02/26/2021	Persona 4 Golden
Stream	Sat, 02/27/2021	Steins;Gate
Stream	Tue, 03/02/2021	Persona 4 Golden
Stream	Wed, 03/03/2021	Persona 4 Golden
Stream	Fri, 03/05/2021	Persona 4 Golden
Stream	Sat, 03/06/2021	Steins;Gate
Stream	Tue, 03/09/2021	Persona 4 Golden
Stream	Wed, 03/10/2021	Persona 4 Golden
Stream	Thu, 03/11/2021	Persona 4 Golden
Stream	Fri, 03/12/2021	Persona 4 Golden
Stream	Sat, 03/13/2021	Steins;Gate
Stream	Tue, 03/16/2021	Persona 4 Golden
Stream	Wed, 03/17/2021	Persona 4 Golden
Stream	Thu, 03/18/2021	Persona 4 Golden
Stream	Fri, 03/19/2021	Persona 4 Golden
Stream	Sat, 03/20/2021	Steins;Gate
Stream	Tue, 03/30/2021	Persona 4 Golden
Stream	Wed, 03/31/2021	Persona 4 Golden
Stream	Thu, 04/01/2021	Persona 4 Golden
Stream	Fri, 04/02/2021	Persona 4 Golden
Stream	Sat, 04/03/2021	Steins;Gate
Stream	Tue, 04/06/2021	Persona 4 Golden
Stream	Wed, 04/07/2021	Persona 4 Golden
Stream	Thu, 04/08/2021	Persona 4 Golden
Stream	Fri, 04/09/2021	Persona 4 Golden
Stream	Tue, 04/13/2021	Persona 4 Golden
Stream	Wed, 04/14/2021	Persona 4 Golden
Stream	Thu, 04/15/2021	Persona 4 Golden
Stream	Fri, 04/16/2021	Persona 4 Golden
Stream	Sat, 06/12/2021	E3 2021
Stream	Sun, 06/13/2021	E3 2021
Stream	Sun, 06/13/2021	E3 2021
Stream	Tue, 06/15/2021	E3 2021
Stream	Thu, 04/07/2022	Elden Ring - A Shattered Masterpiece
Video	Tue, 04/12/2022	Elden Ring Q&A
Stream	Thu, 04/14/2022	Hollow Knight
Stream	Fri, 04/15/2022	Hollow Knight
Stream	Mon, 04/18/2022	Vampire Survivors
Stream		Hollow Knight
	Wed, 04/20/2022	Resident Evil Village
Stream	Thu, 04/21/2022	Resident Evil Village
Stream	Fri, 04/22/2022	Resident Evil Village
Stream	Mon, 04/25/2022	Resident Evil Village
Stream	Tue, 04/26/2022	Resident Evil Village
Stream	Wed, 04/27/2022	Outer Wilds: Echoes of the Eye
Stream	Thu, 04/28/2022	Outer Wilds: Echoes of the Eye
Stream	Fri, 04/29/2022	Outer Wilds: Echoes of the Eye
Stream	Tue, 05/10/2022	Wandersong
Stream	Wed, 05/11/2022	Wandersong
Stream	Thu, 05/12/2022	999
Stream	Fri, 05/13/2022	999
Stream	Mon, 05/16/2022	999
Stream	Tue, 05/17/2022	999
Stream	Wed, 05/18/2022	999
Stream	Thu, 05/19/2022	999
Stream	Thu, 06/02/2022	Hatsune Miku: Project DIVA
Stream	Mon, 06/06/2022	Virtue's Last Reward
Stream	Tue, 06/07/2022	Virtue's Last Reward
Stream	Wed, 06/08/2022	Virtue's Last Reward
Stream	Thu, 06/09/2022	Virtue's Last Reward
Stream	Fri, 06/10/2022	Virtue's Last Reward
Stream	Mon, 06/13/2022	Virtue's Last Reward
Stream	Tue, 06/14/2022	Virtue's Last Reward
Stream	Wed, 06/15/2022	Virtue's Last Reward
Stream	Mon, 06/20/2022	Virtue's Last Reward
Stream	Tue, 06/21/2022	Virtue's Last Reward
Stream	Wed, 06/22/2022	Virtue's Last Reward
Stream	Thu, 06/23/2022	Virtue's Last Reward
Stream	Sun, 07/31/2022	PowerWash Simulator
Stream	Mon, 08/01/2022	Neon White
Stream	Tue, 08/02/2022	Neon White
Stream	Wed, 08/03/2022	Zero Time Dilema
Stream	Thu, 08/04/2022	Zero Time Dilema
Stream	Fri, 08/05/2022	Zero Time Dilema
Stream	Tue, 08/09/2022	Zero Time Dilema
Stream	Wed, 08/10/2022	Zero Time Dilema
Stream	Thu, 08/11/2022	Zero Time Dilema
Stream	Wed, 11/09/2022	God of War Ragnarök
Stream	Thu, 11/10/2022	God of War Ragnarök
Stream	Fri, 11/11/2022	God of War Ragnarök
Stream	Sat, 11/12/2022	God of War Ragnarök
Stream	Sun, 11/13/2022	God of War Ragnarök
Stream	Mon, 11/14/2022	God of War Ragnarök
Stream	Tue, 11/15/2022	God of War Ragnarök
Stream	Thu, 11/17/2022	God of War Ragnarök
Stream	Fri, 11/18/2022	God of War Ragnarök
Stream	Sat, 11/19/2022	God of War Ragnarök
Stream	Sun, 11/20/2022	God of War Ragnarök
Stream		God of War 2018 Video Commentary
	Thu, 12/08/2022	Stray
Stream	Thu, 12/08/2022	2022 Game Awards
Stream	Thu, 12/15/2022	Life is Strange
Stream	Fri, 12/16/2022	Life is Strange
Stream	Sat, 12/17/2022	Life is Strange
Stream	Sun, 12/18/2022	Life is Strange
Stream	Mon, 12/19/2022	Life is Strange
Stream	Thu, 12/22/2022	Life is Strange: Bore the Storm
Stream	Fri, 12/23/2022	Life is Strange: Bore the Storm
Stream	Sat, 12/24/2022	Life is Strange: Bore the Storm
Stream	Tue, 12/27/2022	Captain Spirit
Stream		Life is Strange 2
	Wed, 12/28/2022	Life is Strange 2
Stream	Thu, 12/29/2022	Life is Strange 2
Stream	Sat, 12/31/2022	Life is Strange 2
Stream	Mon, 01/02/2023	Life is Strange: True Colors
Stream	Tue, 01/03/2023	Life is Strange: True Colors
Stream	Wed, 01/04/2023	Life is Strange: True Colors
Stream	Tue, 01/10/2023	AI: The Somnium Files
Stream	Wed, 01/11/2023	AI: The Somnium Files
Stream	Thu, 01/12/2023	AI: The Somnium Files
Stream	Fri, 01/13/2023	AI: The Somnium Files
Stream	Tue, 01/17/2023	AI: The Somnium Files
Stream	Wed, 01/18/2023	AI: The Somnium Files
Stream	Thu, 01/19/2023	AI: The Somnium Files
Stream	Fri, 01/20/2023	AI: The Somnium Files
Stream	Mon, 01/30/2023	Dead Space
Stream	Tue, 01/31/2023	Hypnospace Outlaw
Stream	Wed, 02/01/2023	Hypnospace Outlaw
Stream	Thu, 02/02/2023	Hypnospace Outlaw
Stream	Fri, 02/03/2023	Hypnospace Outlaw
Stream	Tue, 02/07/2023	Half-Life 1
Stream	Wed, 02/08/2023	Half-Life 1
Stream	Thu, 02/09/2023	Half-Life 1
Stream		Half-Life: Opposing Force
	Fri, 02/10/2023	Half-Life: Opposing Force
Stream		Half-Life: Blue Shift
	Tue, 02/14/2023	Half-Life 2
Stream	Wed, 02/15/2023	Half-Life 2
Stream	Thu, 02/16/2023	Half-Life 2
Stream	Fri, 02/17/2023	Half-Life 2
Stream	Tue, 02/21/2023	Half-Life 2
Stream	Wed, 02/22/2023	Half-Life 2
Stream		Half-Life 2: Episode One
	Thu, 02/23/2023	Half-Life 2: Episode One
Stream		Half-Life 2: Episode Two
	Fri, 02/24/2023	Hunt Down The Freeman
Stream	Tue, 02/28/2023	Black Mesa
Stream	Wed, 03/01/2023	Black Mesa
Stream	Thu, 03/02/2023	Black Mesa
Stream	Fri, 03/03/2023	FORSPOKEN
Stream	Tue, 03/07/2023	Deadly Premonition
Stream	Thu, 03/09/2023	Deadly Premonition
Stream	Fri, 03/10/2023	Deadly Premonition
Stream	Sat, 03/11/2023	FORSPOKEN
Stream	Tue, 03/14/2023	Deadly Premonition
Stream	Wed, 03/15/2023	Deadly Premonition
Stream	Thu, 03/16/2023	Deadly Premonition
Stream	Fri, 03/17/2023	Pizza Tower
Stream	Sat, 03/18/2023	FORSPOKEN
Stream	Tue, 03/21/2023	Gravity Rush
Stream	Wed, 03/22/2023	Gravity Rush
Stream	Thu, 03/23/2023	Tier Lists
Stream	Fri, 03/24/2023	Gravity Rush
Stream	Sat, 03/25/2023	FORSPOKEN
Stream	Tue, 03/28/2023	13 Sentinels
Stream	Wed, 03/29/2023	13 Sentinels
Stream	Thu, 03/30/2023	13 Sentinels
Stream	Fri, 03/31/2023	13 Sentinels
Stream	Tue, 04/04/2023	13 Sentinels
Stream	Wed, 04/05/2023	13 Sentinels
Stream	Thu, 04/06/2023	13 Sentinels
Stream	Fri, 04/07/2023	13 Sentinels
Stream	Sat, 04/08/2023	Atomic Heart
Stream	Tue, 04/11/2023	13 Sentinels
Stream	Wed, 04/12/2023	13 Sentinels
Stream	Tue, 04/25/2023	Resident Evil 4 Remake
Stream	Wed, 04/26/2023	Resident Evil 4 Remake
Stream	Thu, 04/27/2023	Resident Evil 4 Remake
Stream	Fri, 04/28/2023	Jedi: Survivor
Stream	Sat, 04/29/2023	Jedi: Survivor
Stream	Tue, 05/02/2023	Jedi: Survivor
Stream	Wed, 05/03/2023	Jedi: Survivor
Stream	Thu, 05/04/2023	Jedi: Survivor
Stream	Fri, 05/05/2023	Jedi: Survivor
Stream	Tue, 05/09/2023	Jedi: Survivor
Stream	Wed, 05/10/2023	Jedi: Survivor
Stream	Thu, 05/11/2023	Jedi: Survivor
Stream	Fri, 05/12/2023	Jedi: Survivor
Stream	Sun, 05/14/2023	Tears of the Kingdom
Stream	Mon, 05/15/2023	Tears of the Kingdom
Stream	Tue, 05/16/2023	Jedi: Survivor
Stream	Wed, 05/17/2023	Jedi: Survivor
Stream	Tue, 05/30/2023	Hi-Fi Rush
Stream	Wed, 05/31/2023	Hi-Fi Rush
Stream	Thu, 06/01/2023	Hi-Fi Rush
Stream	Fri, 06/02/2023	Gollum
Stream	Tue, 06/06/2023	Gravity Rush 2
Stream	Wed, 06/07/2023	Gollum
Stream	Thu, 06/08/2023	Summer Game Fest
Stream	Fri, 06/09/2023	Gollum
Stream	Sun, 06/11/2023	XBox Games Showcase
Stream		2023 PC Gaming Show
	Wed, 06/14/2023	Amnesia: The Bunker
Stream	Thu, 06/15/2023	Amnesia: The Bunker
Stream	Thu, 06/15/2023	Gravity Rush 2
Stream	Fri, 06/16/2023	Gravity Rush 2
Stream		Final Fantasy XVI Demo
	Tue, 06/20/2023	Gravity Rush 2
Stream	Wed, 06/21/2023	Darkest Dungeon II
Stream	Thu, 06/22/2023	Final Fantasy XVI
Stream	Fri, 06/23/2023	Final Fantasy XVI
Stream	Tue, 06/27/2023	Final Fantasy XVI
Stream	Wed, 06/28/2023	Final Fantasy XVI
Stream	Thu, 06/29/2023	Final Fantasy XVI
Stream	Fri, 06/30/2023	Final Fantasy XVI
Stream	Tue, 07/04/2023	Final Fantasy XVI
Stream	Wed, 07/05/2023	Final Fantasy XVI
Stream	Thu, 07/06/2023	Final Fantasy XVI
Stream	Fri, 07/07/2023	Final Fantasy XVI
Stream	Sat, 07/08/2023	Final Fantasy XVI
Stream	Tue, 07/11/2023	Reviewing Old Videos
Stream		Diablo IV
	Wed, 07/12/2023	Ghost Trick
Stream	Thu, 07/13/2023	Ghost Trick
Stream	Fri, 07/14/2023	Ghost Trick
Stream	Sat, 07/15/2023	Ghost Trick
Stream	Tue, 07/18/2023	Rabi-Ribi
Stream	Wed, 07/19/2023	Rabi-Ribi
Stream	Thu, 07/20/2023	Rabi-Ribi
Stream	Tue, 07/25/2023	Rabi-Ribi
Stream	Wed, 07/26/2023	Rabi-Ribi
Stream	Thu, 07/27/2023	Dujanah
Stream	Fri, 07/28/2023	Twelve Minutes
Stream	Tue, 08/01/2023	AI: The Somnium Files - nirvanA Initiative
Stream	Wed, 08/02/2023	AI: The Somnium Files - nirvanA Initiative
Stream	Thu, 08/03/2023	AI: The Somnium Files - nirvanA Initiative
Stream	Fri, 08/04/2023	AI: The Somnium Files - nirvanA Initiative
Stream	Sat, 08/05/2023	AI: The Somnium Files - nirvanA Initiative
Stream	Tue, 08/08/2023	AI: The Somnium Files - nirvanA Initiative
Stream	Wed, 08/09/2023	AI: The Somnium Files - nirvanA Initiative
Stream	Thu, 08/10/2023	AI: The Somnium Files - nirvanA Initiative
Stream	Fri, 08/11/2023	AI: The Somnium Files - nirvanA Initiative
Stream	Sat, 08/12/2023	AI: The Somnium Files - nirvanA Initiative
Stream	Sun, 08/13/2023	AI: The Somnium Files - nirvanA Initiative
Stream	Tue, 08/22/2023	Inscryption
Stream	Wed, 08/23/2023	Inscryption
Stream	Thu, 08/24/2023	Inscryption
Stream	Fri, 08/25/2023	Inscryption
Stream	Fri, 08/25/2023	Armored Core VI
Stream	Sat, 08/26/2023	Armored Core VI
Stream	Tue, 08/29/2023	Armored Core VI
Stream	Wed, 08/30/2023	Armored Core VI
Stream	Fri, 09/01/2023	Starfield
Stream	Sun, 09/03/2023	Starfield
Stream	Mon, 09/04/2023	Starfield
Stream	Tue, 09/05/2023	Starfield
Stream	Wed, 09/06/2023	Starfield
Stream	Thu, 09/07/2023	Starfield
Stream	Fri, 09/08/2023	Starfield
Stream	Sat, 09/09/2023	Starfield
Stream	Tue, 09/12/2023	Starfield
Stream	Wed, 09/13/2023	Starfield
Stream	Thu, 09/14/2023	Starfield
Stream	Tue, 09/19/2023	Lies of P
Stream	Wed, 09/20/2023	Lies of P
Stream	Thu, 09/21/2023	Lies of P
Stream	Fri, 09/22/2023	Lies of P
Stream	Sat, 09/23/2023	Lies of P
Stream	Sun, 09/24/2023	Lies of P
Stream	Mon, 09/25/2023	Lies of P
Stream	Tue, 09/26/2023	Lies of P
Stream		Sekiro
	Sun, 10/22/2023	Super Mario Bros. Wonder
Stream	Mon, 10/23/2023	Alan Wake
Stream	Tue, 10/24/2023	Alan Wake
Stream	Wed, 10/25/2023	Alan Wake
Stream	Thu, 10/26/2023	Alan Wake's American Nightmare
Stream		Control: AWE
	Fri, 10/27/2023	Alan Wake 2
Stream	Sat, 10/28/2023	Alan Wake 2
Stream	Mon, 10/30/2023	Alan Wake 2
Stream	Tue, 10/31/2023	Alan Wake 2
Stream	Wed, 11/01/2023	Alan Wake 2
Stream	Thu, 11/02/2023	Alan Wake 2
Stream	Sun, 11/05/2023	Slay The Princess
Stream	Mon, 11/27/2023	JADSEYA Nominations
Stream	Tue, 11/28/2023	VA-11 Hall-A
Stream	Wed, 11/29/2023	VA-11 Hall-A
Stream	Thu, 11/30/2023	VA-11 Hall-A
Stream	Fri, 12/01/2023	VA-11 Hall-A
Stream	Mon, 12/04/2023	Lies of P Critique
Video	Thu, 12/07/2023	Marble Races
Stream		2023 Game Awards
	Fri, 12/29/2023	2023 JADSEYA
Stream	Thu, 02/29/2024	Umineko When They Cry
Stream	Wed, 08/28/2024	Phase Two (Elden Ring - Shadow of the Erdtree Critique)
Video	Fri, 08/30/2024	Elden Ring DLC Video Commentary
Stream	Thu, 12/12/2024	Balatro
Stream		2024 Game Awards
		Balatro
	Fri, 12/13/2024	Balatro
Stream	Tue, 12/17/2024	Life is Strange: Double Exposure
Stream	Wed, 12/18/2024	Balatro
Stream		Life is Strange: Double Exposure
	Thu, 12/19/2024	Balatro
Stream		Life is Strange: Double Exposure
	Fri, 12/20/2024	Balatro
Stream		Life is Strange: Double Exposure
	Sat, 12/21/2024	Balatro
Stream		Life is Strange: Double Exposure
	Mon, 12/23/2024	Astro Bot
Stream	Tue, 12/24/2024	Astro Bot
Stream	Thu, 12/26/2024	Marble Races
Stream		Astro Bot
	Fri, 12/27/2024	Astro Bot
Stream	Sun, 12/29/2024	Nine Sols
Stream	Mon, 12/30/2024	Nine Sols
Stream	Tue, 12/31/2024	Nine Sols
Stream	Wed, 01/01/2025	Persona 3 Reload
Stream	Thu, 01/02/2025	Persona 3 Reload
Stream	Fri, 01/03/2025	Persona 3 Reload
Stream	Mon, 01/06/2025	Nine Sols
Stream	Tue, 01/07/2025	Persona 3 Reload
Stream	Wed, 01/08/2025	Persona 3 Reload
Stream	Thu, 01/09/2025	Persona 3 Reload
Stream	Fri, 01/10/2025	Persona 3 Reload
Stream	Sat, 01/11/2025	Umineko When They Cry
Stream	Mon, 01/13/2025	Balatro
Stream		Nine Sols
	Tue, 01/14/2025	Persona 3 Reload
Stream	Wed, 01/15/2025	Persona 3 Reload
Stream	Thu, 01/16/2025	Persona 3 Reload
Stream	Fri, 01/17/2025	Persona 3 Reload
Stream	Sat, 01/18/2025	Umineko When They Cry
Stream	Tue, 01/21/2025	Persona 3 Reload
Stream	Wed, 01/22/2025	Persona 3 Reload
Stream	Thu, 01/23/2025	Persona 3 Reload
Stream	Fri, 01/24/2025	Persona 3 Reload
Stream	Sat, 01/25/2025	Umineko When They Cry
Stream	Tue, 01/28/2025	Persona 3 Reload
Stream	Wed, 01/29/2025	Persona 3 Reload
Stream	Thu, 01/30/2025	Persona 3 Reload
Stream	Fri, 01/31/2025	Umineko When They Cry
Stream	Sat, 02/01/2025	Umineko When They Cry
Stream	Tue, 02/04/2025	Persona 3 Reload
Stream	Wed, 02/05/2025	Persona 3 Reload
Stream	Thu, 02/06/2025	Persona 3 Reload
Stream	Fri, 02/07/2025	Persona 3 Reload
Stream	Sat, 02/08/2025	Umineko When They Cry
Stream	Tue, 02/11/2025	Umineko When They Cry
Stream	Wed, 02/12/2025	Persona 3 Reload
Stream	Thu, 02/13/2025	Persona 3 Reload
Stream	Sat, 02/15/2025	Umineko When They Cry
Stream	Tue, 02/18/2025	Umineko When They Cry
Stream	Wed, 02/19/2025	Persona 3 Reload
Stream	Thu, 02/20/2025	Persona 3 Reload
Stream	Fri, 02/21/2025	Persona 3 Reload
Stream	Sat, 02/22/2025	Umineko When They Cry
Stream	Tue, 02/25/2025	Umineko When They Cry
Stream	Wed, 02/26/2025	Signalis
Stream	Thu, 02/27/2025	Signalis
Stream	Fri, 02/28/2025	Signalis
Stream	Sat, 03/01/2025	Umineko When They Cry
Stream	Thu, 03/06/2025	Helldivers 2
Stream	Fri, 03/07/2025	Umineko When They Cry
Stream	Sat, 03/08/2025	Umineko When They Cry
Stream	Tue, 03/11/2025	Umineko When They Cry
Stream	Wed, 03/12/2025	Returnal
Stream	Thu, 03/13/2025	Returnal
Stream	Fri, 03/14/2025	Returnal
Stream	Sat, 03/15/2025	Umineko When They Cry
Stream	Tue, 03/18/2025	Umineko When They Cry
Stream	Wed, 03/19/2025	Baldur's Gate 3
Stream		Returnal
		The Looker
	Thu, 03/20/2025	Web Games
Stream		1000xRESIST
	Fri, 03/21/2025	1000xRESIST
Stream	Sat, 03/22/2025	Umineko When They Cry
Stream	Tue, 03/25/2025	UFO 50
Stream		Umineko When They Cry
	Wed, 03/26/2025	1000xRESIST
Stream	Thu, 03/27/2025	1000xRESIST
Stream	Fri, 03/28/2025	Youtube Test Streams
Stream		1000xRESIST
	Sat, 03/29/2025	Umineko When They Cry